commit_id,commit_date,lines_modified,complexity,author_type,file_type,target
0,2023-01-01 00:00:00,103.0,7.495782999760721,Senior,.java,0
1,2023-01-01 01:00:00,436.0,3.929894489788591,Senior,.java,0
2,2023-01-01 02:00:00,349.0,8.291642207065145,Junior,.xml,0
3,2023-01-01 03:00:00,271.0,5.690814691657477,,.java,0
4,2023-01-01 04:00:00,107.0,0.6351182959000135,Junior,.py,0
5,2023-01-01 05:00:00,72.0,0.3682186763599138,,.xml,0
6,2023-01-01 06:00:00,189.0,1.338521188006332,Senior,.java,0
7,2023-01-01 07:00:00,21.0,0.13671964826997285,Senior,.xml,0
8,2023-01-01 08:00:00,103.0,0.7535906035246231,Junior,.xml,0
9,2023-01-01 09:00:00,122.0,6.9171439716891205,Bot,.java,0
10,2023-01-01 10:00:00,467.0,5.343462750294631,Senior,.xml,0
11,2023-01-01 11:00:00,215.0,7.499107494699718,Bot,.py,0
12,2023-01-01 12:00:00,331.0,9.131657522576429,Bot,.py,0
13,2023-01-01 13:00:00,459.0,5.85149532325472,Junior,.xml,0
14,2023-01-01 14:00:00,88.0,7.26120844071848,Junior,.java,0
15,2023-01-01 15:00:00,373.0,7.570812020424559,Junior,.xml,0
16,2023-01-01 16:00:00,100.0,3.7785054927578643,Junior,.py,0
17,2023-01-01 17:00:00,360.0,2.4108483232963183,Senior,.xml,0
18,2023-01-01 18:00:00,152.0,2.050453285065249,Senior,.xml,0
19,2023-01-01 19:00:00,131.0,2.5144243951179845,Junior,.py,0
20,2023-01-01 20:00:00,150.0,2.747317970259088,Senior,.xml,0
21,2023-01-01 21:00:00,309.0,2.0722764900805646,Junior,.xml,0
22,2023-01-01 22:00:00,258.0,8.782206674791922,Bot,.java,0
23,2023-01-01 23:00:00,344.0,7.569991321722287,Bot,.java,0
24,2023-01-02 00:00:00,492.0,0.4689646779121992,Bot,.py,0
25,2023-01-02 01:00:00,414.0,2.6867248202530734,Junior,.py,0
26,2023-01-02 02:00:00,294.0,0.2218474203030163,Bot,.py,0
27,2023-01-02 03:00:00,386.0,4.981651866458929,Senior,.java,1
28,2023-01-02 04:00:00,192.0,4.7621069678901415,Bot,.py,0
29,2023-01-02 05:00:00,444.0,8.313714900625012,Bot,.py,0
30,2023-01-02 06:00:00,277.0,3.0777723977104943,Bot,.py,0
31,2023-01-02 07:00:00,161.0,8.163857352130623,Senior,.java,0
32,2023-01-02 08:00:00,460.0,9.679737654398231,Junior,.xml,0
33,2023-01-02 09:00:00,314.0,0.8840822336564658,Senior,.py,0
34,2023-01-02 10:00:00,22.0,7.918178394696329,Junior,.xml,0
35,2023-01-02 11:00:00,253.0,5.8995589713763605,Junior,.py,0
36,2023-01-02 12:00:00,236.0,4.800459670184751,Bot,.xml,0
37,2023-01-02 13:00:00,345.0,4.205357786650751,Junior,.java,0
38,2023-01-02 14:00:00,49.0,7.846682639443095,Senior,.java,0
39,2023-01-02 15:00:00,475.0,6.393613569742423,Senior,.py,0
40,2023-01-02 16:00:00,59.0,8.05044667519362,Junior,.xml,0
41,2023-01-02 17:00:00,170.0,9.031510586766263,Bot,.java,0
42,2023-01-02 18:00:00,476.0,6.1726371209729205,Bot,.py,0
43,2023-01-02 19:00:00,188.0,9.80462725092378,Senior,.py,0
44,2023-01-02 20:00:00,464.0,6.080878495418852,Bot,.java,0
45,2023-01-02 21:00:00,271.0,6.366443216222826,Junior,.java,0
46,2023-01-02 22:00:00,190.0,5.5481560854222565,Junior,.py,0
47,2023-01-02 23:00:00,446.0,0.9100209105133028,Senior,.xml,0
48,2023-01-03 00:00:00,175.0,7.263970326502283,Junior,.xml,0
49,2023-01-03 01:00:00,446.0,5.474463068991115,Senior,.xml,0
50,2023-01-03 02:00:00,51.0,4.509104474161044,Junior,.py,0
51,2023-01-03 03:00:00,364.0,9.10471278403273,Senior,.java,0
52,2023-01-03 04:00:00,55.0,2.979594515419505,Bot,.py,0
53,2023-01-03 05:00:00,244.0,5.236022760150112,Junior,.java,0
54,2023-01-03 06:00:00,320.0,6.976418714934633,Junior,.xml,1
55,2023-01-03 07:00:00,131.0,7.964717756738773,Senior,.xml,0
56,2023-01-03 08:00:00,485.0,4.593468079461724,Senior,.java,0
57,2023-01-03 09:00:00,307.0,8.420914150187096,Junior,.java,0
58,2023-01-03 10:00:00,135.0,7.689177413153975,Senior,.py,0
59,2023-01-03 11:00:00,21.0,0.6623597785186586,Junior,.xml,0
60,2023-01-03 12:00:00,329.0,0.4586126640463295,Bot,.py,0
61,2023-01-03 13:00:00,167.0,6.208056844220913,Senior,.py,0
62,2023-01-03 14:00:00,274.0,3.4741340822541424,Junior,.py,0
63,2023-01-03 15:00:00,388.0,2.091307910785142,Bot,.xml,0
64,2023-01-03 16:00:00,89.0,5.796499344717384,Bot,.py,0
65,2023-01-03 17:00:00,316.0,3.41563210456545,Junior,.py,0
66,2023-01-03 18:00:00,14.0,5.372634167140701,Senior,.py,0
67,2023-01-03 19:00:00,242.0,4.60119158983572,Junior,.py,0
68,2023-01-03 20:00:00,265.0,5.847661059491537,Bot,.py,0
69,2023-01-03 21:00:00,346.0,4.003004889102813,Junior,.py,0
70,2023-01-03 22:00:00,53.0,6.976675736969318,Senior,.xml,1
71,2023-01-03 23:00:00,386.0,1.8006727234929853,Bot,.py,0
72,2023-01-04 00:00:00,340.0,6.965014662270789,Junior,.java,0
73,2023-01-04 01:00:00,92.0,4.116612143575281,Senior,.py,0
74,2023-01-04 02:00:00,367.0,8.743176048544171,Bot,.py,0
75,2023-01-04 03:00:00,444.0,5.1523605486421085,Senior,.xml,0
76,2023-01-04 04:00:00,455.0,9.731103492701044,Bot,.xml,0
77,2023-01-04 05:00:00,428.0,6.019353955409602,Junior,.java,1
78,2023-01-04 06:00:00,264.0,2.238490659063206,Senior,.java,0
79,2023-01-04 07:00:00,431.0,8.217906368444492,Bot,.xml,0
80,2023-01-04 08:00:00,35.0,3.4508262782238672,Senior,.xml,0
81,2023-01-04 09:00:00,206.0,3.476192144826835,Senior,.py,0
82,2023-01-04 10:00:00,81.0,0.3180468148516513,Junior,.xml,0
83,2023-01-04 11:00:00,420.0,5.487153092074086,Senior,.java,0
84,2023-01-04 12:00:00,50.0,5.34423503732523,Bot,.py,0
85,2023-01-04 13:00:00,360.0,3.559914842719861,Bot,.java,0
86,2023-01-04 14:00:00,388.0,8.942172628959257,Bot,.py,0
87,2023-01-04 15:00:00,2.0,1.287483982996439,Bot,.xml,0
88,2023-01-04 16:00:00,390.0,3.300995133101554,Junior,.java,0
89,2023-01-04 17:00:00,54.0,3.2158276468002898,Senior,.py,0
90,2023-01-04 18:00:00,106.0,0.9229058622874609,Junior,.py,0
91,2023-01-04 19:00:00,260.0,4.811453940562932,Senior,.xml,0
92,2023-01-04 20:00:00,310.0,6.87784717096083,,.xml,0
93,2023-01-04 21:00:00,477.0,5.116570135472612,Senior,.xml,0
94,2023-01-04 22:00:00,191.0,1.5697768271619372,Junior,.java,0
95,2023-01-04 23:00:00,402.0,3.772859652420726,,.py,0
96,2023-01-05 00:00:00,218.0,0.025950243836465603,Junior,.xml,0
97,2023-01-05 01:00:00,44.0,8.683011070355867,Bot,.java,0
98,2023-01-05 02:00:00,162.0,0.8451700768068193,Bot,.java,0
99,2023-01-05 03:00:00,202.0,5.972780822554306,Senior,.java,0
100,2023-01-05 04:00:00,446.0,9.862569958668152,Junior,.xml,0
101,2023-01-05 05:00:00,484.0,5.365906459873325,Bot,.xml,0
102,2023-01-05 06:00:00,,9.240417591074332,Junior,.py,1
103,2023-01-05 07:00:00,351.0,2.3611653311740435,Junior,.py,0
104,2023-01-05 08:00:00,304.0,7.599554089375856,Senior,.xml,0
105,2023-01-05 09:00:00,271.0,5.312657539735341,,.java,0
106,2023-01-05 10:00:00,456.0,7.205160613914648,Senior,.java,0
107,2023-01-05 11:00:00,462.0,0.6234136251124145,Senior,.java,0
108,2023-01-05 12:00:00,215.0,1.477390919062267,Bot,.py,0
109,2023-01-05 13:00:00,252.0,1.3311692858747826,Bot,.java,0
110,2023-01-05 14:00:00,190.0,6.871655054033311,Junior,.py,0
111,2023-01-05 15:00:00,296.0,8.444406726336288,Bot,.py,0
112,2023-01-05 16:00:00,213.0,7.496162320085874,Junior,.java,0
113,2023-01-05 17:00:00,208.0,0.3047215273359416,Junior,.java,0
114,2023-01-05 18:00:00,237.0,8.672149810747232,Junior,.xml,0
115,2023-01-05 19:00:00,338.0,3.5414667079312547,Bot,.xml,0
116,2023-01-05 20:00:00,367.0,3.971638325040825,Senior,.java,0
117,2023-01-05 21:00:00,53.0,1.048691665324809,Junior,.py,0
118,2023-01-05 22:00:00,280.0,7.374052060938191,Senior,.py,0
119,2023-01-05 23:00:00,410.0,1.8228387847595806,Senior,.py,1
120,2023-01-06 00:00:00,217.0,5.639650920188364,Bot,.py,0
121,2023-01-06 01:00:00,252.0,8.407099858779311,Senior,.py,1
122,2023-01-06 02:00:00,188.0,0.8920432871205619,Senior,.xml,0
123,2023-01-06 03:00:00,380.0,5.353355640155235,Bot,.java,0
124,2023-01-06 04:00:00,,2.332164115498012,Junior,.xml,0
125,2023-01-06 05:00:00,41.0,3.4292686427826027,Senior,.py,0
126,2023-01-06 06:00:00,157.0,4.739699414305561,Bot,.py,0
127,2023-01-06 07:00:00,15.0,3.5510430327930473,Senior,.py,0
128,2023-01-06 08:00:00,301.0,6.48822840291576,Senior,.py,0
129,2023-01-06 09:00:00,65.0,4.795821017542502,Junior,.java,0
130,2023-01-06 10:00:00,345.0,5.8419948471416925,Senior,.py,0
131,2023-01-06 11:00:00,327.0,7.368224753949129,Bot,.java,0
132,2023-01-06 12:00:00,9.0,5.577422659504374,Senior,.py,1
133,2023-01-06 13:00:00,344.0,5.865354346607591,Junior,.java,0
134,2023-01-06 14:00:00,129.0,5.6445854252264125,Junior,.xml,1
135,2023-01-06 15:00:00,,3.7877262595128935,Bot,.py,0
136,2023-01-06 16:00:00,136.0,3.374468338719181,Junior,.java,0
137,2023-01-06 17:00:00,472.0,8.996473971450122,Senior,.xml,0
138,2023-01-06 18:00:00,63.0,6.075552222935729,Junior,.py,0
139,2023-01-06 19:00:00,139.0,2.4435315546465453,Bot,.py,0
140,2023-01-06 20:00:00,499.0,4.982476978489402,Junior,.py,0
141,2023-01-06 21:00:00,81.0,3.30348481280914,Junior,.java,0
142,2023-01-06 22:00:00,392.0,9.336918237598745,Junior,.java,0
143,2023-01-06 23:00:00,163.0,0.0753436313407474,Bot,.xml,1
144,2023-01-07 00:00:00,419.0,2.2533279771252825,Junior,.java,0
145,2023-01-07 01:00:00,289.0,3.6535681967405766,,.java,0
146,2023-01-07 02:00:00,379.0,4.878098008087379,Senior,.py,0
147,2023-01-07 03:00:00,261.0,8.508175178361462,Bot,.py,0
148,2023-01-07 04:00:00,490.0,0.8788762454014387,Junior,.py,0
149,2023-01-07 05:00:00,231.0,8.058648867411435,,.py,0
150,2023-01-07 06:00:00,41.0,0.5565348935697534,Junior,.py,0
151,2023-01-07 07:00:00,28.0,8.423140352981816,Junior,.py,0
152,2023-01-07 08:00:00,135.0,0.5163547787451284,Junior,.py,0
153,2023-01-07 09:00:00,201.0,0.18242481428361046,Senior,.xml,0
154,2023-01-07 10:00:00,328.0,6.969614623664215,Senior,.xml,0
155,2023-01-07 11:00:00,268.0,9.972555347683944,Senior,.xml,1
156,2023-01-07 12:00:00,418.0,8.966102629740208,Bot,.xml,0
157,2023-01-07 13:00:00,33.0,5.7599841780566,Bot,.py,0
158,2023-01-07 14:00:00,,9.173956130855316,Senior,.xml,0
159,2023-01-07 15:00:00,407.0,0.05300006397605417,Bot,.py,0
160,2023-01-07 16:00:00,62.0,9.750671629451425,Junior,.xml,0
161,2023-01-07 17:00:00,216.0,4.907487792587845,Junior,.java,0
162,2023-01-07 18:00:00,293.0,7.228960966217757,Junior,.xml,1
163,2023-01-07 19:00:00,99.0,8.208614731533526,Senior,.xml,0
164,2023-01-07 20:00:00,172.0,7.184572708365536,Bot,.py,1
165,2023-01-07 21:00:00,360.0,5.350367320449106,Senior,.xml,1
166,2023-01-07 22:00:00,214.0,4.76619484126412,Bot,.java,0
167,2023-01-07 23:00:00,475.0,8.385825587026247,Junior,.py,0
168,2023-01-08 00:00:00,35.0,2.050775601494591,Senior,.py,1
169,2023-01-08 01:00:00,449.0,9.679940665042343,Bot,.xml,0
170,2023-01-08 02:00:00,,7.109524788367483,Bot,.py,0
171,2023-01-08 03:00:00,101.0,1.9950692733831976,Junior,.py,1
172,2023-01-08 04:00:00,,7.362471836984882,Senior,.py,0
173,2023-01-08 05:00:00,462.0,5.298400231811167,Senior,.py,0
174,2023-01-08 06:00:00,131.0,7.072300956444445,Senior,.py,0
175,2023-01-08 07:00:00,257.0,7.677795014428388,Junior,.py,0
176,2023-01-08 08:00:00,5.0,0.8729017958967544,Senior,.java,0
177,2023-01-08 09:00:00,218.0,5.06103956359347,Junior,.xml,0
178,2023-01-08 10:00:00,255.0,9.320143422569341,Junior,.java,0
179,2023-01-08 11:00:00,398.0,3.206421921595143,Junior,.py,0
180,2023-01-08 12:00:00,359.0,5.938830975578988,Bot,.py,0
181,2023-01-08 13:00:00,283.0,3.6923048150989612,Senior,.xml,0
182,2023-01-08 14:00:00,393.0,4.5426797221909965,Senior,.java,0
183,2023-01-08 15:00:00,207.0,5.486031179381532,Junior,.xml,0
184,2023-01-08 16:00:00,15.0,5.489219798889772,Junior,.java,0
185,2023-01-08 17:00:00,346.0,2.0173046233023584,Senior,.py,0
186,2023-01-08 18:00:00,,6.845715478798333,Junior,.xml,0
187,2023-01-08 19:00:00,380.0,0.8786811124265681,Senior,.xml,1
188,2023-01-08 20:00:00,461.0,1.3882477344202038,Bot,.py,0
189,2023-01-08 21:00:00,,0.027108994143296705,Junior,.xml,0
190,2023-01-08 22:00:00,63.0,1.1669606414168132,Senior,.java,0
191,2023-01-08 23:00:00,352.0,4.731662010518923,Junior,.java,0
192,2023-01-09 00:00:00,231.0,6.061018810558386,,.java,0
193,2023-01-09 01:00:00,,7.942894499664624,Senior,.java,0
194,2023-01-09 02:00:00,52.0,1.0669925011343606,Junior,.py,0
195,2023-01-09 03:00:00,96.0,8.507274600164546,Bot,.xml,0
196,2023-01-09 04:00:00,,7.4597452554871815,Senior,.java,0
197,2023-01-09 05:00:00,222.0,4.085182929359169,Senior,.py,0
198,2023-01-09 06:00:00,485.0,9.329380670999546,Senior,.xml,0
199,2023-01-09 07:00:00,407.0,9.909294764573906,Bot,.xml,0
200,2023-01-09 08:00:00,,2.0500181005323723,Bot,.py,0
201,2023-01-09 09:00:00,237.0,3.792285849638004,,.py,0
202,2023-01-09 10:00:00,143.0,9.26449423589711,Bot,.java,0
203,2023-01-09 11:00:00,171.0,7.215965507512772,Junior,.xml,0
204,2023-01-09 12:00:00,29.0,0.4809464396408769,Junior,.xml,0
205,2023-01-09 13:00:00,36.0,7.815144817514149,Bot,.py,0
206,2023-01-09 14:00:00,13.0,8.279408871774919,Junior,.xml,0
207,2023-01-09 15:00:00,160.0,7.505019247653135,Bot,.java,0
208,2023-01-09 16:00:00,327.0,7.995371309195156,Junior,.xml,0
209,2023-01-09 17:00:00,187.0,8.251326766927972,Bot,.py,1
210,2023-01-09 18:00:00,243.0,1.864049867881441,Bot,.py,0
211,2023-01-09 19:00:00,86.0,2.3569174606499974,,.java,0
212,2023-01-09 20:00:00,284.0,6.337585637201773,Senior,.java,0
213,2023-01-09 21:00:00,66.0,9.07866130462516,Junior,.xml,0
214,2023-01-09 22:00:00,170.0,3.1619658229649463,Bot,.xml,0
215,2023-01-09 23:00:00,45.0,5.883066757950567,Senior,.py,0
216,2023-01-10 00:00:00,62.0,6.829820634171324,Junior,.java,0
217,2023-01-10 01:00:00,441.0,4.519486012990392,Junior,.java,1
218,2023-01-10 02:00:00,134.0,7.13782454855326,Junior,.java,0
219,2023-01-10 03:00:00,284.0,8.99667445292173,Senior,.xml,1
220,2023-01-10 04:00:00,28.0,6.2410154418183765,Bot,.java,0
221,2023-01-10 05:00:00,108.0,5.39781061914633,Junior,.py,0
222,2023-01-10 06:00:00,44.0,4.38744675388339,Junior,.py,0
223,2023-01-10 07:00:00,340.0,5.7748627090612565,Junior,.xml,0
224,2023-01-10 08:00:00,286.0,3.553624518183959,Junior,.xml,0
225,2023-01-10 09:00:00,446.0,3.9148211020150194,Junior,.java,0
226,2023-01-10 10:00:00,331.0,5.31857479688174,Bot,.xml,0
227,2023-01-10 11:00:00,128.0,0.6661911239081697,Bot,.py,0
228,2023-01-10 12:00:00,348.0,2.2902539092479635,Junior,.java,0
229,2023-01-10 13:00:00,,5.4284931061340895,Senior,.py,0
230,2023-01-10 14:00:00,231.0,4.315281431364426,Bot,.java,0
231,2023-01-10 15:00:00,190.0,3.328157859124843,Senior,.xml,0
232,2023-01-10 16:00:00,225.0,7.305491368093015,Bot,.java,0
233,2023-01-10 17:00:00,385.0,6.937176074033385,Junior,.java,0
234,2023-01-10 18:00:00,377.0,1.6673075999338316,Bot,.py,0
235,2023-01-10 19:00:00,283.0,8.786291153734382,Junior,.py,0
236,2023-01-10 20:00:00,,4.954236264039657,Bot,.java,1
237,2023-01-10 21:00:00,121.0,7.414609111390455,Junior,.xml,0
238,2023-01-10 22:00:00,116.0,5.731508492573887,Junior,.xml,0
239,2023-01-10 23:00:00,461.0,9.976926159238433,Junior,.py,0
240,2023-01-11 00:00:00,233.0,7.524031200388227,Junior,.xml,0
241,2023-01-11 01:00:00,259.0,7.069804612434591,Senior,.py,0
242,2023-01-11 02:00:00,359.0,7.785719390507511,Junior,.xml,0
243,2023-01-11 03:00:00,198.0,1.4312798554846962,Senior,.java,0
244,2023-01-11 04:00:00,456.0,2.0454459316946325,Senior,.py,0
245,2023-01-11 05:00:00,411.0,7.140640822236142,Junior,.py,1
246,2023-01-11 06:00:00,137.0,4.939814871308626,Senior,.java,0
247,2023-01-11 07:00:00,318.0,7.5463529186011655,Bot,.py,0
248,2023-01-11 08:00:00,165.0,1.0291603074414502,Junior,.xml,0
249,2023-01-11 09:00:00,225.0,5.364813514845947,Senior,.xml,0
250,2023-01-11 10:00:00,307.0,3.7882156555691573,Junior,.py,1
251,2023-01-11 11:00:00,234.0,4.5700021928167835,Junior,.xml,0
252,2023-01-11 12:00:00,172.0,6.039578720725125,Junior,.py,0
253,2023-01-11 13:00:00,152.0,5.022883474625301,Senior,.java,0
254,2023-01-11 14:00:00,463.0,5.398606371128367,Bot,.py,0
255,2023-01-11 15:00:00,315.0,4.863574819956078,Bot,.java,0
256,2023-01-11 16:00:00,374.0,4.089551770854932,Senior,.xml,0
257,2023-01-11 17:00:00,160.0,7.71881980598245,Junior,.java,0
258,2023-01-11 18:00:00,96.0,0.12203072318044517,Senior,.xml,0
259,2023-01-11 19:00:00,472.0,5.9844270120522705,Senior,.py,0
260,2023-01-11 20:00:00,233.0,5.655083473229738,Senior,.xml,0
261,2023-01-11 21:00:00,180.0,7.161790747329522,Junior,.py,0
262,2023-01-11 22:00:00,113.0,5.990293647773265,Senior,.py,0
263,2023-01-11 23:00:00,318.0,8.267988278090783,Junior,.java,0
264,2023-01-12 00:00:00,497.0,9.590747945640278,Senior,.java,0
265,2023-01-12 01:00:00,442.0,3.425242571785434,Bot,.java,0
266,2023-01-12 02:00:00,52.0,2.2735098302998704,Senior,.java,1
267,2023-01-12 03:00:00,268.0,4.235968624204829,Senior,.xml,0
268,2023-01-12 04:00:00,295.0,2.8792961647572612,Bot,.xml,0
269,2023-01-12 05:00:00,386.0,6.149502631526545,Junior,.xml,0
270,2023-01-12 06:00:00,387.0,9.118524088429647,Junior,.py,0
271,2023-01-12 07:00:00,113.0,1.3911619414306187,Senior,.xml,0
272,2023-01-12 08:00:00,101.0,1.007946030158865,Bot,.xml,0
273,2023-01-12 09:00:00,113.0,2.560155318536622,Junior,.xml,0
274,2023-01-12 10:00:00,440.0,7.260955860624008,Senior,.java,1
275,2023-01-12 11:00:00,81.0,5.929629052588216,Bot,.xml,0
276,2023-01-12 12:00:00,187.0,1.022126642251996,Junior,.py,0
277,2023-01-12 13:00:00,113.0,9.187505222607465,Junior,.java,0
278,2023-01-12 14:00:00,2.0,7.900846371240867,Bot,.py,0
279,2023-01-12 15:00:00,130.0,0.23022604787637513,Bot,.xml,0
280,2023-01-12 16:00:00,220.0,6.513672109882461,Bot,.java,0
281,2023-01-12 17:00:00,54.0,7.71246668519738,Bot,.py,0
282,2023-01-12 18:00:00,343.0,3.74435369720422,Senior,.xml,0
283,2023-01-12 19:00:00,,0.6892153936721879,Bot,.py,0
284,2023-01-12 20:00:00,224.0,0.7732106548878726,Junior,.py,0
285,2023-01-12 21:00:00,225.0,1.042469660518095,Junior,.py,0
286,2023-01-12 22:00:00,,8.40439631980423,Senior,.xml,0
287,2023-01-12 23:00:00,403.0,9.106861982557131,,.xml,0
288,2023-01-13 00:00:00,126.0,1.228107818457338,Junior,.py,0
289,2023-01-13 01:00:00,130.0,2.359060345950812,Bot,.java,0
290,2023-01-13 02:00:00,53.0,1.6552051036728976,,.java,0
291,2023-01-13 03:00:00,172.0,1.8632087949412068,Senior,.xml,0
292,2023-01-13 04:00:00,218.0,8.374907890024922,Bot,.xml,0
293,2023-01-13 05:00:00,160.0,3.3214641265493894,Bot,.xml,0
294,2023-01-13 06:00:00,198.0,3.114442640456412,Senior,.xml,0
295,2023-01-13 07:00:00,416.0,2.2739562087711263,Bot,.xml,0
296,2023-01-13 08:00:00,247.0,6.0789439379425865,Bot,.java,0
297,2023-01-13 09:00:00,324.0,3.7930569838554886,Senior,.xml,0
298,2023-01-13 10:00:00,439.0,7.442496518432888,Bot,.py,0
299,2023-01-13 11:00:00,203.0,2.055798083756375,Senior,.py,0
300,2023-01-13 12:00:00,184.0,7.877898887144924,Senior,.java,1
301,2023-01-13 13:00:00,123.0,6.03721531730139,Junior,.py,0
302,2023-01-13 14:00:00,401.0,1.1426730005568775,Junior,.java,0
303,2023-01-13 15:00:00,255.0,4.145045842036277,Bot,.java,0
304,2023-01-13 16:00:00,294.0,8.63518140612957,Bot,.py,1
305,2023-01-13 17:00:00,280.0,9.229602317984849,Senior,.xml,0
306,2023-01-13 18:00:00,325.0,4.657001223188132,Bot,.py,0
307,2023-01-13 19:00:00,372.0,4.808369780890736,Senior,.py,0
308,2023-01-13 20:00:00,98.0,9.184547249393011,Senior,.java,0
309,2023-01-13 21:00:00,198.0,5.870682241365673,Bot,.py,0
310,2023-01-13 22:00:00,470.0,0.3284667024343835,Senior,.java,0
311,2023-01-13 23:00:00,395.0,9.127494628791288,Junior,.xml,1
312,2023-01-14 00:00:00,,2.482264427571519,Bot,.xml,0
313,2023-01-14 01:00:00,144.0,5.776319540915472,Junior,.xml,0
314,2023-01-14 02:00:00,97.0,1.6551331742797382,Bot,.py,0
315,2023-01-14 03:00:00,201.0,0.33879160246594986,Senior,.java,0
316,2023-01-14 04:00:00,124.0,3.114731711327574,Bot,.xml,0
317,2023-01-14 05:00:00,187.0,7.804957075460877,Junior,.java,0
318,2023-01-14 06:00:00,326.0,2.775871726294181,Senior,.java,0
319,2023-01-14 07:00:00,464.0,2.2009721408109706,Bot,.xml,0
320,2023-01-14 08:00:00,349.0,2.126807843412263,Bot,.xml,0
321,2023-01-14 09:00:00,259.0,5.151736824068126,Bot,.java,0
322,2023-01-14 10:00:00,148.0,9.755413156827563,Junior,.xml,0
323,2023-01-14 11:00:00,252.0,4.58988988017013,Junior,.java,0
324,2023-01-14 12:00:00,443.0,5.573053688900479,Bot,.java,0
325,2023-01-14 13:00:00,420.0,8.606320178907339,Senior,.xml,0
326,2023-01-14 14:00:00,403.0,5.350697189336586,Senior,.py,0
327,2023-01-14 15:00:00,346.0,1.844628714188561,Junior,.xml,1
328,2023-01-14 16:00:00,451.0,2.9959591176647704,Senior,.py,0
329,2023-01-14 17:00:00,147.0,3.099369262686109,Junior,.java,0
330,2023-01-14 18:00:00,148.0,3.973181154575979,Bot,.java,0
331,2023-01-14 19:00:00,352.0,4.267889053367494,Junior,.py,0
332,2023-01-14 20:00:00,199.0,7.997820220742694,Junior,.java,0
333,2023-01-14 21:00:00,308.0,3.49386999049333,Bot,.py,0
334,2023-01-14 22:00:00,489.0,4.682318284413793,Senior,.py,0
335,2023-01-14 23:00:00,417.0,6.249759870510523,Junior,.java,0
336,2023-01-15 00:00:00,424.0,3.777259474401693,Junior,.py,0
337,2023-01-15 01:00:00,128.0,8.36564813292333,Bot,.xml,0
338,2023-01-15 02:00:00,39.0,5.874536042340743,Senior,.xml,0
339,2023-01-15 03:00:00,338.0,2.9404467922097153,Junior,.java,0
340,2023-01-15 04:00:00,360.0,7.140591997898282,Bot,.java,0
341,2023-01-15 05:00:00,129.0,5.2764773014478585,Junior,.py,0
342,2023-01-15 06:00:00,267.0,5.344558912572469,Bot,.py,0
343,2023-01-15 07:00:00,476.0,4.810879483875859,Senior,.py,0
344,2023-01-15 08:00:00,441.0,4.9701194882124895,Senior,.py,0
345,2023-01-15 09:00:00,473.0,7.6535628106624065,Senior,.xml,0
346,2023-01-15 10:00:00,434.0,1.0298147933131552,Senior,.xml,0
347,2023-01-15 11:00:00,151.0,3.3436281131048218,Junior,.java,0
348,2023-01-15 12:00:00,415.0,0.7550336380388922,Junior,.py,0
349,2023-01-15 13:00:00,478.0,7.5324622074745085,,.py,0
350,2023-01-15 14:00:00,298.0,2.7230185472029946,Senior,.java,0
351,2023-01-15 15:00:00,99.0,8.974304098188842,Senior,.py,0
352,2023-01-15 16:00:00,263.0,5.265784666592937,Junior,.py,0
353,2023-01-15 17:00:00,252.0,8.007497714861211,Senior,.py,0
354,2023-01-15 18:00:00,144.0,9.789314356159611,Senior,.py,0
355,2023-01-15 19:00:00,346.0,8.397888594565705,Senior,.py,0
356,2023-01-15 20:00:00,112.0,8.669937600115235,Bot,.java,0
357,2023-01-15 21:00:00,60.0,4.079844953648447,Senior,.py,0
358,2023-01-15 22:00:00,369.0,5.517225952593398,Bot,.java,0
359,2023-01-15 23:00:00,2.0,2.538885640433043,Bot,.py,0
360,2023-01-16 00:00:00,385.0,1.961130996934528,Senior,.xml,0
361,2023-01-16 01:00:00,304.0,5.055078791060338,Bot,.xml,0
362,2023-01-16 02:00:00,254.0,5.950489797004206,Senior,.xml,0
363,2023-01-16 03:00:00,140.0,3.3927124589619098,Junior,.xml,0
364,2023-01-16 04:00:00,453.0,5.694435177635003,Junior,.java,0
365,2023-01-16 05:00:00,37.0,8.87460482513503,Junior,.java,0
366,2023-01-16 06:00:00,160.0,5.567215847833661,Junior,.py,0
367,2023-01-16 07:00:00,9.0,7.2081309631050665,Bot,.xml,1
368,2023-01-16 08:00:00,233.0,8.053149673579052,Senior,.java,0
369,2023-01-16 09:00:00,99.0,9.887287819554428,Senior,.py,0
370,2023-01-16 10:00:00,,6.031974021769796,Senior,.py,0
371,2023-01-16 11:00:00,304.0,8.06850148962586,Junior,.java,0
372,2023-01-16 12:00:00,208.0,9.626493185548746,Junior,.xml,0
373,2023-01-16 13:00:00,131.0,9.444097255772734,Senior,.py,0
374,2023-01-16 14:00:00,404.0,1.4108184877771357,Junior,.xml,0
375,2023-01-16 15:00:00,152.0,4.06392308273522,,.xml,0
376,2023-01-16 16:00:00,54.0,3.239900611067996,Senior,.xml,0
377,2023-01-16 17:00:00,120.0,0.8692501495034932,Senior,.py,0
378,2023-01-16 18:00:00,161.0,6.332407749109605,Senior,.xml,0
379,2023-01-16 19:00:00,408.0,7.359046131960023,Senior,.py,1
380,2023-01-16 20:00:00,116.0,8.481280954668835,Senior,.xml,0
381,2023-01-16 21:00:00,,1.227768896627085,Senior,.py,0
382,2023-01-16 22:00:00,113.0,8.764440758752938,Junior,.xml,1
383,2023-01-16 23:00:00,456.0,6.429255636142532,Senior,.java,0
384,2023-01-17 00:00:00,420.0,7.0394613513850945,Senior,.xml,1
385,2023-01-17 01:00:00,422.0,9.10624003540304,Junior,.xml,0
386,2023-01-17 02:00:00,104.0,6.247612710432511,Junior,.py,0
387,2023-01-17 03:00:00,,3.358658571498351,,.py,0
388,2023-01-17 04:00:00,254.0,8.251073314226598,Senior,.xml,0
389,2023-01-17 05:00:00,227.0,3.6305921219509054,Bot,.java,0
390,2023-01-17 06:00:00,112.0,0.34228110820529123,Bot,.java,1
391,2023-01-17 07:00:00,473.0,8.306545065652497,Junior,.py,0
392,2023-01-17 08:00:00,99.0,3.451921448812756,Bot,.java,0
393,2023-01-17 09:00:00,153.0,7.738345232013403,Junior,.xml,0
394,2023-01-17 10:00:00,349.0,3.6275789466594546,Senior,.py,0
395,2023-01-17 11:00:00,402.0,8.610680199747216,Bot,.xml,0
396,2023-01-17 12:00:00,384.0,2.195105250809587,Senior,.py,0
397,2023-01-17 13:00:00,366.0,9.745472651988699,Bot,.py,0
398,2023-01-17 14:00:00,338.0,7.797587747880308,Senior,.py,0
399,2023-01-17 15:00:00,194.0,1.1423792592039683,Bot,.py,0
400,2023-01-17 16:00:00,310.0,5.657766199665605,,.java,0
401,2023-01-17 17:00:00,163.0,9.853673122417346,Senior,.xml,0
402,2023-01-17 18:00:00,208.0,4.710654526938144,Bot,.xml,0
403,2023-01-17 19:00:00,445.0,1.8210713882158325,Senior,.xml,0
404,2023-01-17 20:00:00,169.0,4.8477836715034615,Senior,.py,0
405,2023-01-17 21:00:00,484.0,5.124576558819216,Senior,.java,0
406,2023-01-17 22:00:00,161.0,7.4168694422866555,Bot,.xml,0
407,2023-01-17 23:00:00,68.0,6.988458531609044,Bot,.java,0
408,2023-01-18 00:00:00,289.0,4.025500435969805,Senior,.py,0
409,2023-01-18 01:00:00,398.0,2.180231074940865,Senior,.xml,0
410,2023-01-18 02:00:00,277.0,6.450541677693295,Bot,.java,0
411,2023-01-18 03:00:00,304.0,4.217039345532818,Bot,.py,0
412,2023-01-18 04:00:00,404.0,1.322762111253304,Senior,.java,0
413,2023-01-18 05:00:00,384.0,9.005723012363857,Senior,.xml,0
414,2023-01-18 06:00:00,392.0,6.912218576096544,Senior,.xml,0
415,2023-01-18 07:00:00,135.0,6.831838564454814,,.py,0
416,2023-01-18 08:00:00,195.0,8.225838759116739,Bot,.py,0
417,2023-01-18 09:00:00,401.0,5.2966167865508105,Junior,.py,0
418,2023-01-18 10:00:00,128.0,8.150544284024571,Bot,.java,0
419,2023-01-18 11:00:00,33.0,4.980907535110058,Bot,.java,0
420,2023-01-18 12:00:00,176.0,0.6717539991571009,Bot,.java,0
421,2023-01-18 13:00:00,460.0,4.052480880276887,Bot,.py,0
422,2023-01-18 14:00:00,,4.9746489397989055,Bot,.xml,0
423,2023-01-18 15:00:00,371.0,7.202025816322958,,.xml,0
424,2023-01-18 16:00:00,470.0,1.0657873012867436,Bot,.java,0
425,2023-01-18 17:00:00,375.0,1.40018538660449,Junior,.java,1
426,2023-01-18 18:00:00,22.0,2.6368380263461644,Senior,.xml,0
427,2023-01-18 19:00:00,238.0,2.664983933708822,Senior,.xml,0
428,2023-01-18 20:00:00,,7.321845784590623,Junior,.java,1
429,2023-01-18 21:00:00,38.0,2.5073066056159776,Junior,.java,0
430,2023-01-18 22:00:00,230.0,6.330980633574476,Junior,.xml,1
431,2023-01-18 23:00:00,365.0,4.942738501382714,Junior,.py,0
432,2023-01-19 00:00:00,51.0,5.732943781794006,Bot,.java,0
433,2023-01-19 01:00:00,438.0,8.381069631782958,Senior,.xml,0
434,2023-01-19 02:00:00,264.0,4.043815015490243,Bot,.xml,0
435,2023-01-19 03:00:00,283.0,7.709113770642705,Senior,.xml,0
436,2023-01-19 04:00:00,27.0,4.2203605955068735,Senior,.xml,0
437,2023-01-19 05:00:00,226.0,3.5387137656124947,Junior,.py,0
438,2023-01-19 06:00:00,277.0,9.586271773132205,Bot,.xml,0
439,2023-01-19 07:00:00,286.0,1.8437092067896321,Junior,.java,0
440,2023-01-19 08:00:00,97.0,0.9033696057760787,Bot,.py,0
441,2023-01-19 09:00:00,284.0,7.709859255354785,Senior,.xml,1
442,2023-01-19 10:00:00,367.0,0.6824970535409158,Junior,.py,0
443,2023-01-19 11:00:00,448.0,8.370789907030293,Junior,.java,0
444,2023-01-19 12:00:00,481.0,4.3719339635724355,Senior,.xml,0
445,2023-01-19 13:00:00,453.0,9.15513677291914,Senior,.java,0
446,2023-01-19 14:00:00,317.0,7.215328611219056,,.xml,0
447,2023-01-19 15:00:00,304.0,6.104046670079576,Junior,.xml,0
448,2023-01-19 16:00:00,147.0,9.493067970577657,Bot,.xml,0
449,2023-01-19 17:00:00,4.0,3.9664937305205425,Junior,.xml,0
450,2023-01-19 18:00:00,35.0,9.54086936539633,Bot,.xml,0
451,2023-01-19 19:00:00,192.0,1.3500127742120693,,.py,0
452,2023-01-19 20:00:00,49.0,4.8375494193241275,,.xml,0
453,2023-01-19 21:00:00,17.0,2.699112223921949,,.xml,0
454,2023-01-19 22:00:00,172.0,5.398427789081934,Bot,.py,0
455,2023-01-19 23:00:00,220.0,1.6201387789158461,Junior,.py,0
456,2023-01-20 00:00:00,158.0,8.415296603100433,,.py,0
457,2023-01-20 01:00:00,,8.464078493145573,Senior,.py,0
458,2023-01-20 02:00:00,46.0,9.55236312723479,Senior,.py,0
459,2023-01-20 03:00:00,373.0,1.5467214088323622,Bot,.py,0
460,2023-01-20 04:00:00,6.0,6.233325509049907,Junior,.xml,0
461,2023-01-20 05:00:00,99.0,4.742373087003696,Bot,.xml,0
462,2023-01-20 06:00:00,380.0,3.4438373204423325,Junior,.java,0
463,2023-01-20 07:00:00,233.0,3.515401611342188,Bot,.xml,0
464,2023-01-20 08:00:00,37.0,4.127935506067523,Senior,.xml,0
465,2023-01-20 09:00:00,280.0,7.049255496889531,Junior,.py,0
466,2023-01-20 10:00:00,349.0,5.982860582681546,Bot,.py,0
467,2023-01-20 11:00:00,497.0,4.596815127611311,Senior,.xml,0
468,2023-01-20 12:00:00,302.0,0.7593341036962209,Senior,.java,0
469,2023-01-20 13:00:00,181.0,0.7776534407895708,Bot,.py,0
470,2023-01-20 14:00:00,95.0,0.023393906257782593,Junior,.xml,0
471,2023-01-20 15:00:00,99.0,9.676993882070864,Junior,.xml,0
472,2023-01-20 16:00:00,188.0,0.05253818558384915,Senior,.java,0
473,2023-01-20 17:00:00,481.0,1.0309374601374488,Junior,.java,0
474,2023-01-20 18:00:00,116.0,3.145965568094109,Junior,.py,0
475,2023-01-20 19:00:00,191.0,8.074302518167611,Junior,.java,0
476,2023-01-20 20:00:00,253.0,9.620987857641177,Senior,.xml,0
477,2023-01-20 21:00:00,469.0,7.900135587918561,Bot,.xml,0
478,2023-01-20 22:00:00,416.0,6.905602324456406,Junior,.java,0
479,2023-01-20 23:00:00,471.0,5.213006674135694,Senior,.java,0
480,2023-01-21 00:00:00,161.0,0.8670521186218361,Senior,.java,0
481,2023-01-21 01:00:00,256.0,9.581707930039304,Bot,.java,0
482,2023-01-21 02:00:00,323.0,7.583924139456815,Junior,.py,0
483,2023-01-21 03:00:00,128.0,6.389493853342618,Junior,.java,0
484,2023-01-21 04:00:00,18.0,7.590358455388499,Bot,.py,0
485,2023-01-21 05:00:00,281.0,7.241033292731386,Bot,.xml,0
486,2023-01-21 06:00:00,,6.372315797894869,Senior,.java,0
487,2023-01-21 07:00:00,223.0,9.805768001799882,Senior,.py,0
488,2023-01-21 08:00:00,54.0,9.03363812636025,Bot,.java,1
489,2023-01-21 09:00:00,58.0,6.4666491911716335,Junior,.xml,0
490,2023-01-21 10:00:00,323.0,6.931752114569248,Senior,.xml,0
491,2023-01-21 11:00:00,360.0,0.5159580665871,Senior,.xml,0
492,2023-01-21 12:00:00,174.0,6.699174645500392,Junior,.java,0
493,2023-01-21 13:00:00,280.0,0.44165437710100175,,.java,0
494,2023-01-21 14:00:00,114.0,5.882637569699311,Junior,.py,0
495,2023-01-21 15:00:00,288.0,9.993534995658349,Junior,.xml,0
496,2023-01-21 16:00:00,431.0,5.558065814371797,Junior,.java,0
497,2023-01-21 17:00:00,342.0,4.732101180813334,Bot,.xml,0
498,2023-01-21 18:00:00,151.0,3.1285485650558753,Bot,.xml,0
499,2023-01-21 19:00:00,450.0,1.2052257878646444,Bot,.py,0
500,2023-01-21 20:00:00,127.0,7.310236714582816,Junior,.py,0
501,2023-01-21 21:00:00,155.0,1.9259902778563043,Junior,.py,0
502,2023-01-21 22:00:00,490.0,1.1528202124728437,Bot,.py,0
503,2023-01-21 23:00:00,,4.2176265973051255,,.xml,0
504,2023-01-22 00:00:00,474.0,7.953418379590974,Junior,.py,0
505,2023-01-22 01:00:00,273.0,7.450645481202204,Senior,.py,1
506,2023-01-22 02:00:00,104.0,0.5488261464647493,Senior,.py,0
507,2023-01-22 03:00:00,417.0,4.551436850361561,Junior,.py,0
508,2023-01-22 04:00:00,393.0,5.22434576071169,Junior,.xml,0
509,2023-01-22 05:00:00,299.0,6.445466506258222,Senior,.py,0
510,2023-01-22 06:00:00,246.0,6.501673504432281,Senior,.xml,0
511,2023-01-22 07:00:00,176.0,3.646972494573059,Bot,.java,0
512,2023-01-22 08:00:00,39.0,5.60677194003514,Bot,.xml,0
513,2023-01-22 09:00:00,477.0,4.810618838440864,Junior,.xml,0
514,2023-01-22 10:00:00,170.0,8.849983565232812,Bot,.py,0
515,2023-01-22 11:00:00,247.0,5.302651326349002,Bot,.java,0
516,2023-01-22 12:00:00,26.0,4.410321617481616,Bot,.java,0
517,2023-01-22 13:00:00,355.0,4.044854496818507,Bot,.java,0
518,2023-01-22 14:00:00,306.0,5.724277594334657,Senior,.java,0
519,2023-01-22 15:00:00,409.0,8.039769794008976,Junior,.xml,0
520,2023-01-22 16:00:00,408.0,5.384014903807875,Bot,.java,0
521,2023-01-22 17:00:00,13.0,6.6165517508054155,Senior,.xml,0
522,2023-01-22 18:00:00,316.0,7.37855766906525,Senior,.xml,0
523,2023-01-22 19:00:00,391.0,5.2016810987873185,Senior,.xml,0
524,2023-01-22 20:00:00,313.0,4.268170566548644,Bot,.java,0
525,2023-01-22 21:00:00,36.0,8.766653778624494,Bot,.py,0
526,2023-01-22 22:00:00,173.0,4.175060840278921,Junior,.py,0
527,2023-01-22 23:00:00,20.0,4.6194285057558755,Bot,.java,0
528,2023-01-23 00:00:00,321.0,9.903413133417772,Bot,.py,0
529,2023-01-23 01:00:00,264.0,0.002375235758845795,Senior,.py,1
530,2023-01-23 02:00:00,494.0,1.8547290957672247,Junior,.xml,0
531,2023-01-23 03:00:00,400.0,3.8396388991972574,Bot,.xml,1
532,2023-01-23 04:00:00,142.0,9.325899094252529,Bot,.java,1
533,2023-01-23 05:00:00,460.0,0.7002970574747103,,.java,0
534,2023-01-23 06:00:00,371.0,0.09485433628498074,Senior,.py,0
535,2023-01-23 07:00:00,471.0,0.5268383597722859,Bot,.xml,0
536,2023-01-23 08:00:00,143.0,0.8854341061361815,Junior,.java,0
537,2023-01-23 09:00:00,92.0,0.3759677320626087,Junior,.java,0
538,2023-01-23 10:00:00,354.0,4.797813268565047,Senior,.java,0
539,2023-01-23 11:00:00,322.0,5.8075720722732775,Senior,.java,0
540,2023-01-23 12:00:00,288.0,2.716869710690041,Bot,.java,1
541,2023-01-23 13:00:00,215.0,3.9828738397563557,Senior,.java,0
542,2023-01-23 14:00:00,447.0,0.9169933511143014,Bot,.py,0
543,2023-01-23 15:00:00,342.0,3.3637046382842204,Junior,.xml,0
544,2023-01-23 16:00:00,51.0,5.225191916345231,Junior,.xml,0
545,2023-01-23 17:00:00,153.0,7.3227180718464515,Bot,.java,0
546,2023-01-23 18:00:00,186.0,0.03346362042979223,Senior,.xml,0
547,2023-01-23 19:00:00,63.0,4.673107665376525,Junior,.xml,0
548,2023-01-23 20:00:00,190.0,2.970028764548822,Senior,.xml,0
549,2023-01-23 21:00:00,125.0,8.528218216919013,Junior,.java,1
550,2023-01-23 22:00:00,150.0,7.15553315234242,Bot,.java,0
551,2023-01-23 23:00:00,314.0,5.891085344708948,Bot,.xml,0
552,2023-01-24 00:00:00,58.0,2.772656456967736,Bot,.xml,0
553,2023-01-24 01:00:00,342.0,9.103391020575343,Junior,.java,0
554,2023-01-24 02:00:00,305.0,0.4510067722032318,Senior,.py,0
555,2023-01-24 03:00:00,180.0,1.0946759867911515,Senior,.xml,1
556,2023-01-24 04:00:00,,3.9163014054035603,Senior,.py,0
557,2023-01-24 05:00:00,326.0,1.2443755729685635,Junior,.xml,0
558,2023-01-24 06:00:00,271.0,9.56415697559425,Junior,.py,0
559,2023-01-24 07:00:00,54.0,7.979893221433834,Junior,.py,0
560,2023-01-24 08:00:00,491.0,2.5898265160181366,Junior,.py,0
561,2023-01-24 09:00:00,444.0,5.885542289732454,Junior,.java,0
562,2023-01-24 10:00:00,101.0,9.823305150800817,Senior,.py,0
563,2023-01-24 11:00:00,481.0,8.841989781315029,Junior,.py,0
564,2023-01-24 12:00:00,264.0,6.00798446442198,Junior,.py,0
565,2023-01-24 13:00:00,53.0,9.037239671752705,Senior,.xml,0
566,2023-01-24 14:00:00,60.0,9.891849098133589,Junior,.py,0
567,2023-01-24 15:00:00,492.0,7.433528228936241,Senior,.xml,0
568,2023-01-24 16:00:00,108.0,0.6498640948289403,Senior,.py,0
569,2023-01-24 17:00:00,5.0,4.015802364254874,Bot,.py,0
570,2023-01-24 18:00:00,103.0,8.378257352832454,Bot,.java,0
571,2023-01-24 19:00:00,,2.30569195805019,Bot,.xml,0
572,2023-01-24 20:00:00,262.0,8.306425177506245,Bot,.py,0
573,2023-01-24 21:00:00,365.0,1.2033876203499594,Junior,.xml,0
574,2023-01-24 22:00:00,480.0,0.46945357147813005,Bot,.xml,0
575,2023-01-24 23:00:00,372.0,3.840906114912496,Senior,.java,0
576,2023-01-25 00:00:00,350.0,0.36731937426613626,Junior,.java,1
577,2023-01-25 01:00:00,47.0,9.572702629833255,Bot,.java,0
578,2023-01-25 02:00:00,355.0,8.26205695793966,Senior,.java,1
579,2023-01-25 03:00:00,311.0,8.007696871298752,Junior,.java,0
580,2023-01-25 04:00:00,424.0,6.297779229961531,Junior,.java,0
581,2023-01-25 05:00:00,308.0,2.163240230365535,Bot,.java,0
582,2023-01-25 06:00:00,,5.182603666763922,Junior,.java,0
583,2023-01-25 07:00:00,269.0,5.97274072430341,Senior,.py,1
584,2023-01-25 08:00:00,370.0,5.250315008602682,Junior,.xml,0
585,2023-01-25 09:00:00,124.0,2.602333679515273,Senior,.java,0
586,2023-01-25 10:00:00,106.0,5.152479243147258,Junior,.java,0
587,2023-01-25 11:00:00,158.0,4.911863408686266,Bot,.xml,1
588,2023-01-25 12:00:00,147.0,9.963357758067243,Senior,.py,0
589,2023-01-25 13:00:00,145.0,8.974361480462038,Junior,.xml,0
590,2023-01-25 14:00:00,120.0,4.633807482156199,Junior,.xml,0
591,2023-01-25 15:00:00,319.0,6.229373829351187,Junior,.java,0
592,2023-01-25 16:00:00,275.0,7.4787160409222855,Senior,.xml,0
593,2023-01-25 17:00:00,92.0,0.3486516023382491,Senior,.xml,0
594,2023-01-25 18:00:00,58.0,8.9492144122784,Senior,.java,0
595,2023-01-25 19:00:00,439.0,8.601268164179238,Bot,.java,0
596,2023-01-25 20:00:00,346.0,4.574320977737073,Bot,.java,0
597,2023-01-25 21:00:00,229.0,3.9116976608037977,Senior,.java,1
598,2023-01-25 22:00:00,474.0,2.7295937485631496,Junior,.xml,0
599,2023-01-25 23:00:00,117.0,4.7667682833036835,Bot,.xml,0
600,2023-01-26 00:00:00,318.0,0.4437666353323677,Senior,.py,0
601,2023-01-26 01:00:00,279.0,8.521935333470077,Junior,.py,0
602,2023-01-26 02:00:00,127.0,0.3542236841854507,Bot,.xml,0
603,2023-01-26 03:00:00,393.0,3.29051365369871,Junior,.py,0
604,2023-01-26 04:00:00,396.0,9.315894883189898,Junior,.xml,0
605,2023-01-26 05:00:00,129.0,7.352126545234528,Junior,.py,1
606,2023-01-26 06:00:00,58.0,2.813909605775268,Junior,.java,0
607,2023-01-26 07:00:00,122.0,2.526490939608851,,.py,1
608,2023-01-26 08:00:00,1.0,0.05082139818025966,Bot,.java,0
609,2023-01-26 09:00:00,,6.957142928497502,Bot,.java,0
610,2023-01-26 10:00:00,290.0,0.48783581673173093,Senior,.java,0
611,2023-01-26 11:00:00,96.0,5.326025194007621,Bot,.java,0
612,2023-01-26 12:00:00,126.0,9.621219725920497,Junior,.py,0
613,2023-01-26 13:00:00,118.0,1.0946886005445389,Bot,.xml,0
614,2023-01-26 14:00:00,48.0,8.944799309680674,Junior,.java,0
615,2023-01-26 15:00:00,89.0,9.914753351450482,Senior,.py,0
616,2023-01-26 16:00:00,488.0,0.6151702623923505,Junior,.java,0
617,2023-01-26 17:00:00,237.0,8.829062691374613,,.py,0
618,2023-01-26 18:00:00,373.0,5.160790204436166,Junior,.py,0
619,2023-01-26 19:00:00,385.0,9.0651371944458,,.py,1
620,2023-01-26 20:00:00,272.0,5.713189419195741,Bot,.xml,0
621,2023-01-26 21:00:00,189.0,6.621120101065646,Bot,.py,0
622,2023-01-26 22:00:00,487.0,5.437789079973992,Senior,.py,0
623,2023-01-26 23:00:00,192.0,8.644928803073485,,.xml,0
624,2023-01-27 00:00:00,447.0,7.339099189537017,Bot,.xml,0
625,2023-01-27 01:00:00,69.0,5.212603121804149,Senior,.py,1
626,2023-01-27 02:00:00,278.0,8.681608040515469,Bot,.xml,0
627,2023-01-27 03:00:00,349.0,2.4528553225533454,Senior,.java,0
628,2023-01-27 04:00:00,247.0,1.5734065970252598,Junior,.java,0
629,2023-01-27 05:00:00,451.0,1.604001053300721,Bot,.xml,0
630,2023-01-27 06:00:00,76.0,3.3400887874523786,Senior,.xml,0
631,2023-01-27 07:00:00,154.0,2.386900313010175,Bot,.py,0
632,2023-01-27 08:00:00,144.0,9.300903505097386,Bot,.xml,0
633,2023-01-27 09:00:00,435.0,1.05834093828584,,.py,0
634,2023-01-27 10:00:00,485.0,6.989907380395877,Bot,.java,0
635,2023-01-27 11:00:00,86.0,1.8922153978500589,Senior,.xml,0
636,2023-01-27 12:00:00,185.0,8.816371327703502,Junior,.py,1
637,2023-01-27 13:00:00,285.0,9.613152881849075,Senior,.py,0
638,2023-01-27 14:00:00,462.0,4.654700087699836,Senior,.java,0
639,2023-01-27 15:00:00,220.0,8.790714802281316,Senior,.xml,0
640,2023-01-27 16:00:00,69.0,0.051451707547147674,Junior,.java,0
641,2023-01-27 17:00:00,47.0,8.199469174081,Bot,.py,0
642,2023-01-27 18:00:00,497.0,2.286251615249235,Bot,.py,0
643,2023-01-27 19:00:00,94.0,9.08701309269368,Bot,.xml,0
644,2023-01-27 20:00:00,238.0,0.011201114801094869,Junior,.py,0
645,2023-01-27 21:00:00,446.0,5.56181735039757,Bot,.xml,0
646,2023-01-27 22:00:00,453.0,7.566358037849347,Junior,.java,0
647,2023-01-27 23:00:00,204.0,2.5868833069790798,Bot,.xml,0
648,2023-01-28 00:00:00,400.0,1.9313286458729306,Bot,.xml,0
649,2023-01-28 01:00:00,218.0,0.8409822446798465,Senior,.py,0
650,2023-01-28 02:00:00,474.0,3.2643357650329294,,.py,0
651,2023-01-28 03:00:00,432.0,5.598443123088295,Senior,.xml,1
652,2023-01-28 04:00:00,341.0,1.1584385678025766,Senior,.py,0
653,2023-01-28 05:00:00,39.0,3.7669536198679876,Senior,.py,0
654,2023-01-28 06:00:00,100.0,0.09072404652724964,Junior,.py,0
655,2023-01-28 07:00:00,289.0,8.186794204998417,Junior,.xml,1
656,2023-01-28 08:00:00,254.0,1.2844871809319136,Bot,.py,0
657,2023-01-28 09:00:00,,2.833429482655816,Senior,.xml,0
658,2023-01-28 10:00:00,357.0,0.1842771873821747,Bot,.py,0
659,2023-01-28 11:00:00,23.0,4.322407838925123,Senior,.java,0
660,2023-01-28 12:00:00,250.0,8.401215027412189,Junior,.py,0
661,2023-01-28 13:00:00,10.0,3.921512114451966,Junior,.py,0
662,2023-01-28 14:00:00,,1.794973234238334,Junior,.xml,0
663,2023-01-28 15:00:00,325.0,7.536988340505192,Senior,.xml,0
664,2023-01-28 16:00:00,100.0,7.888069818707443,Junior,.py,0
665,2023-01-28 17:00:00,290.0,1.737534753075668,Senior,.java,0
666,2023-01-28 18:00:00,180.0,7.708541085409898,Bot,.py,0
667,2023-01-28 19:00:00,223.0,9.47297888256338,Senior,.py,0
668,2023-01-28 20:00:00,394.0,1.6637758693227234,Bot,.java,1
669,2023-01-28 21:00:00,250.0,7.709842925321356,Senior,.xml,0
670,2023-01-28 22:00:00,147.0,7.085720046026294,Bot,.py,0
671,2023-01-28 23:00:00,442.0,4.735738884350885,Junior,.xml,0
672,2023-01-29 00:00:00,96.0,0.5792046055879829,Bot,.xml,0
673,2023-01-29 01:00:00,257.0,0.7469441775785401,Junior,.java,1
674,2023-01-29 02:00:00,325.0,8.524146591986476,Junior,.java,0
675,2023-01-29 03:00:00,493.0,9.90148372750647,Bot,.xml,0
676,2023-01-29 04:00:00,4.0,6.760522571867544,Senior,.py,0
677,2023-01-29 05:00:00,16.0,4.459583070103214,Senior,.xml,0
678,2023-01-29 06:00:00,280.0,6.475736434019076,Senior,.py,0
679,2023-01-29 07:00:00,336.0,5.943958592285453,Senior,.py,0
680,2023-01-29 08:00:00,247.0,3.836122604056218,Senior,.java,0
681,2023-01-29 09:00:00,258.0,0.6562614457401295,Junior,.py,0
682,2023-01-29 10:00:00,497.0,8.21512947407441,Senior,.py,0
683,2023-01-29 11:00:00,476.0,3.7183352923872457,Junior,.xml,0
684,2023-01-29 12:00:00,384.0,8.187856433570937,Junior,.java,0
685,2023-01-29 13:00:00,160.0,2.525087496883822,Junior,.py,0
686,2023-01-29 14:00:00,475.0,0.010294798456333965,Bot,.py,0
687,2023-01-29 15:00:00,340.0,1.5893828327675652,Bot,.java,0
688,2023-01-29 16:00:00,152.0,4.6853941676858435,Junior,.xml,1
689,2023-01-29 17:00:00,396.0,9.443036349578298,Bot,.java,0
690,2023-01-29 18:00:00,178.0,1.0219361969371898,Senior,.java,0
691,2023-01-29 19:00:00,163.0,8.54209774461566,Senior,.py,0
692,2023-01-29 20:00:00,380.0,5.270240962118621,Junior,.py,0
693,2023-01-29 21:00:00,33.0,8.259207657998966,Senior,.xml,0
694,2023-01-29 22:00:00,417.0,2.983744309899926,Junior,.py,0
695,2023-01-29 23:00:00,445.0,8.399471646724718,Junior,.py,0
696,2023-01-30 00:00:00,179.0,7.728227800168045,Senior,.java,1
697,2023-01-30 01:00:00,427.0,2.300536830314339,Bot,.py,0
698,2023-01-30 02:00:00,101.0,1.3133512640937806,Senior,.xml,0
699,2023-01-30 03:00:00,268.0,8.680543225322928,Senior,.java,0
700,2023-01-30 04:00:00,323.0,9.632366534401319,Junior,.xml,0
701,2023-01-30 05:00:00,65.0,0.3130231374751624,Junior,.java,0
702,2023-01-30 06:00:00,417.0,7.312700669736856,Junior,.py,0
703,2023-01-30 07:00:00,168.0,9.095245109478183,Junior,.java,1
704,2023-01-30 08:00:00,330.0,8.573600920924987,Bot,.java,0
705,2023-01-30 09:00:00,43.0,9.645204722702086,Bot,.py,0
706,2023-01-30 10:00:00,44.0,7.600940784380972,Bot,.py,0
707,2023-01-30 11:00:00,285.0,4.422987623809103,Junior,.xml,0
708,2023-01-30 12:00:00,397.0,3.1195199049513045,Junior,.xml,0
709,2023-01-30 13:00:00,12.0,3.2074274043812743,Junior,.py,0
710,2023-01-30 14:00:00,95.0,7.24422672614117,Bot,.py,0
711,2023-01-30 15:00:00,302.0,7.4583701203096435,Junior,.py,0
712,2023-01-30 16:00:00,386.0,2.0035914354871265,Senior,.java,0
713,2023-01-30 17:00:00,253.0,8.68122813490531,Senior,.java,0
714,2023-01-30 18:00:00,499.0,7.1492404020224765,Junior,.java,0
715,2023-01-30 19:00:00,242.0,5.627502863433826,Senior,.py,0
716,2023-01-30 20:00:00,35.0,4.715324601025127,Senior,.xml,0
717,2023-01-30 21:00:00,215.0,5.432328057899581,Bot,.py,1
718,2023-01-30 22:00:00,337.0,1.5924573827926447,Junior,.java,0
719,2023-01-30 23:00:00,,2.037012492762742,Junior,.java,0
720,2023-01-31 00:00:00,264.0,0.9116449040619168,Bot,.py,0
721,2023-01-31 01:00:00,93.0,1.5365803816111268,Senior,.py,0
722,2023-01-31 02:00:00,410.0,4.536936346052826,Senior,.java,0
723,2023-01-31 03:00:00,458.0,5.303543937282561,Junior,.java,0
724,2023-01-31 04:00:00,90.0,0.17861892478319374,Senior,.java,0
725,2023-01-31 05:00:00,418.0,7.967978278640276,,.py,1
726,2023-01-31 06:00:00,115.0,2.941679733434779,Bot,.java,1
727,2023-01-31 07:00:00,105.0,9.118360349599111,Junior,.java,0
728,2023-01-31 08:00:00,391.0,9.675112636137777,Bot,.xml,0
729,2023-01-31 09:00:00,196.0,1.8545887467665434,Bot,.py,0
730,2023-01-31 10:00:00,314.0,4.620972907656606,Junior,.xml,0
731,2023-01-31 11:00:00,,0.012318351664258875,Bot,.xml,0
732,2023-01-31 12:00:00,,5.9832726512242695,Bot,.java,0
733,2023-01-31 13:00:00,75.0,6.073064482626712,Bot,.py,0
734,2023-01-31 14:00:00,413.0,2.475399556033752,Senior,.java,0
735,2023-01-31 15:00:00,376.0,5.584126725831979,Junior,.py,1
736,2023-01-31 16:00:00,420.0,2.2554014244373546,Junior,.xml,0
737,2023-01-31 17:00:00,217.0,1.6082546907819006,Junior,.py,0
738,2023-01-31 18:00:00,277.0,6.515194668022647,Senior,.java,0
739,2023-01-31 19:00:00,249.0,3.2592546395207487,Senior,.java,0
740,2023-01-31 20:00:00,164.0,5.902639388856224,,.java,0
741,2023-01-31 21:00:00,394.0,4.3324674897165565,Senior,.py,0
742,2023-01-31 22:00:00,357.0,9.84351407402904,Junior,.xml,1
743,2023-01-31 23:00:00,457.0,1.4958064266756577,Senior,.xml,0
744,2023-02-01 00:00:00,408.0,4.645985966358102,Bot,.py,0
745,2023-02-01 01:00:00,192.0,6.8045662635932525,Bot,.java,0
746,2023-02-01 02:00:00,227.0,3.9554508387996865,Junior,.xml,0
747,2023-02-01 03:00:00,177.0,9.7469985187069,Senior,.java,0
748,2023-02-01 04:00:00,99.0,7.218876279269351,Senior,.py,1
749,2023-02-01 05:00:00,496.0,6.569838575644931,Bot,.java,0
750,2023-02-01 06:00:00,36.0,7.570592676112233,Bot,.xml,0
751,2023-02-01 07:00:00,466.0,9.52648638038717,Senior,.xml,0
752,2023-02-01 08:00:00,497.0,9.078186529846402,Senior,.java,0
753,2023-02-01 09:00:00,487.0,7.242853081264119,Senior,.py,0
754,2023-02-01 10:00:00,96.0,7.491616391012831,Senior,.java,0
755,2023-02-01 11:00:00,152.0,1.4592207403514545,Senior,.py,0
756,2023-02-01 12:00:00,151.0,1.027924044926657,Senior,.java,0
757,2023-02-01 13:00:00,,5.709045018441643,Junior,.xml,0
758,2023-02-01 14:00:00,224.0,0.1836763694054,Senior,.py,0
759,2023-02-01 15:00:00,37.0,4.823563815515915,Bot,.py,0
760,2023-02-01 16:00:00,268.0,2.103495799188686,Junior,.py,0
761,2023-02-01 17:00:00,369.0,3.460165676448396,Senior,.xml,0
762,2023-02-01 18:00:00,183.0,7.758047357929561,Bot,.java,0
763,2023-02-01 19:00:00,13.0,9.412375042323864,Junior,.xml,0
764,2023-02-01 20:00:00,279.0,0.724162721463415,Bot,.py,0
765,2023-02-01 21:00:00,217.0,5.342422059764451,Senior,.java,1
766,2023-02-01 22:00:00,355.0,8.825334858196,Senior,.xml,1
767,2023-02-01 23:00:00,361.0,0.8250853444042128,Senior,.py,0
768,2023-02-02 00:00:00,286.0,8.245140468968339,Senior,.py,1
769,2023-02-02 01:00:00,273.0,3.5780135092827137,Junior,.xml,0
770,2023-02-02 02:00:00,,3.2209470221933536,Junior,.xml,0
771,2023-02-02 03:00:00,62.0,9.774663863147858,Bot,.xml,0
772,2023-02-02 04:00:00,84.0,2.0085908986229417,Senior,.py,0
773,2023-02-02 05:00:00,368.0,6.9319394082268095,Bot,.xml,0
774,2023-02-02 06:00:00,217.0,8.214407280098664,Junior,.py,0
775,2023-02-02 07:00:00,,0.41183495279271676,Senior,.xml,0
776,2023-02-02 08:00:00,397.0,6.703854583544122,Senior,.py,0
777,2023-02-02 09:00:00,187.0,9.515499743553269,Junior,.py,0
778,2023-02-02 10:00:00,19.0,1.2421996672805935,Junior,.java,1
779,2023-02-02 11:00:00,177.0,8.962213026850383,Junior,.xml,0
780,2023-02-02 12:00:00,100.0,5.947766373769361,Junior,.xml,0
781,2023-02-02 13:00:00,396.0,6.16604581862474,Junior,.py,0
782,2023-02-02 14:00:00,,6.12944174865606,,.py,0
783,2023-02-02 15:00:00,233.0,2.988358863373138,Junior,.py,0
784,2023-02-02 16:00:00,403.0,9.352018152994596,Senior,.java,0
785,2023-02-02 17:00:00,76.0,9.473504626310387,Senior,.java,0
786,2023-02-02 18:00:00,265.0,6.253046602139478,Junior,.py,0
787,2023-02-02 19:00:00,455.0,7.834227259416147,Junior,.xml,0
788,2023-02-02 20:00:00,284.0,6.12257985881158,Senior,.xml,0
789,2023-02-02 21:00:00,206.0,4.843984475740406,Junior,.java,0
790,2023-02-02 22:00:00,223.0,6.608201182992507,Junior,.java,0
791,2023-02-02 23:00:00,,5.530014525919585,Junior,.py,0
792,2023-02-03 00:00:00,52.0,5.974758626319301,Bot,.xml,0
793,2023-02-03 01:00:00,339.0,7.83832553418862,Senior,.py,0
794,2023-02-03 02:00:00,367.0,4.8090383144898485,Bot,.java,1
795,2023-02-03 03:00:00,144.0,0.40754106092472764,Junior,.xml,1
796,2023-02-03 04:00:00,373.0,1.6399948098949724,Bot,.xml,0
797,2023-02-03 05:00:00,,4.386072164895384,Junior,.java,0
798,2023-02-03 06:00:00,99.0,7.248265598740583,Bot,.py,0
799,2023-02-03 07:00:00,396.0,5.932786483101787,Junior,.py,0
800,2023-02-03 08:00:00,25.0,6.502941858734539,Bot,.xml,0
801,2023-02-03 09:00:00,436.0,4.792789285762873,Bot,.java,0
802,2023-02-03 10:00:00,379.0,6.157420219422428,Bot,.xml,1
803,2023-02-03 11:00:00,469.0,3.290174378146622,Senior,.java,0
804,2023-02-03 12:00:00,484.0,4.7018259269666505,Bot,.py,1
805,2023-02-03 13:00:00,53.0,7.4427906559495565,Senior,.java,0
806,2023-02-03 14:00:00,151.0,8.718327789731212,Junior,.py,0
807,2023-02-03 15:00:00,,4.336553339563888,Bot,.java,0
808,2023-02-03 16:00:00,57.0,0.4366165770736119,,.xml,0
809,2023-02-03 17:00:00,39.0,1.6167254414680265,Junior,.py,0
810,2023-02-03 18:00:00,109.0,0.208611392915381,,.xml,0
811,2023-02-03 19:00:00,181.0,6.532630192373301,Senior,.xml,0
812,2023-02-03 20:00:00,42.0,3.323146253551089,Bot,.py,0
813,2023-02-03 21:00:00,186.0,5.424786357193675,Junior,.py,0
814,2023-02-03 22:00:00,423.0,4.932768467837995,Junior,.xml,0
815,2023-02-03 23:00:00,398.0,0.815264895524267,Bot,.xml,1
816,2023-02-04 00:00:00,223.0,4.032613611238318,Senior,.xml,0
817,2023-02-04 01:00:00,122.0,2.2056112492232325,Senior,.xml,0
818,2023-02-04 02:00:00,133.0,4.1839978866765275,Junior,.py,0
819,2023-02-04 03:00:00,163.0,2.0357828034224266,Junior,.py,0
820,2023-02-04 04:00:00,215.0,8.404524062769335,Senior,.xml,0
821,2023-02-04 05:00:00,221.0,1.7419333657825364,Bot,.java,0
822,2023-02-04 06:00:00,235.0,9.607805514869769,Junior,.java,0
823,2023-02-04 07:00:00,331.0,4.159073661469408,Senior,.py,0
824,2023-02-04 08:00:00,146.0,8.462452920190493,Junior,.xml,0
825,2023-02-04 09:00:00,239.0,6.287648182059451,Bot,.xml,0
826,2023-02-04 10:00:00,76.0,7.353502986657526,Senior,.py,0
827,2023-02-04 11:00:00,9.0,7.677238880667803,Junior,.java,0
828,2023-02-04 12:00:00,74.0,5.0484488189301775,Bot,.java,0
829,2023-02-04 13:00:00,442.0,5.433005233632883,Junior,.java,0
830,2023-02-04 14:00:00,492.0,5.1399586780872495,Bot,.py,0
831,2023-02-04 15:00:00,401.0,5.880583780900793,Bot,.java,0
832,2023-02-04 16:00:00,253.0,0.2939444575650729,Senior,.py,0
833,2023-02-04 17:00:00,230.0,3.9551516984901527,Bot,.py,0
834,2023-02-04 18:00:00,7.0,6.061887135611715,,.xml,0
835,2023-02-04 19:00:00,174.0,5.977235652558644,Bot,.java,0
836,2023-02-04 20:00:00,141.0,7.9295609460563155,Bot,.py,1
837,2023-02-04 21:00:00,168.0,6.550093388321086,Senior,.java,0
838,2023-02-04 22:00:00,170.0,9.921333163406723,Bot,.java,0
839,2023-02-04 23:00:00,393.0,2.8385452860864504,Bot,.xml,0
840,2023-02-05 00:00:00,434.0,3.5915102966623147,Junior,.java,0
841,2023-02-05 01:00:00,283.0,3.838471518677963,Senior,.xml,0
842,2023-02-05 02:00:00,122.0,4.658128070202485,Senior,.py,0
843,2023-02-05 03:00:00,194.0,8.359980637812095,Senior,.java,0
844,2023-02-05 04:00:00,5.0,2.3579209395920984,Bot,.py,0
845,2023-02-05 05:00:00,29.0,7.760002070354295,Senior,.java,0
846,2023-02-05 06:00:00,165.0,4.053101830857434,Bot,.py,0
847,2023-02-05 07:00:00,422.0,6.018553836620085,Bot,.java,0
848,2023-02-05 08:00:00,339.0,6.3254053322630615,,.java,0
849,2023-02-05 09:00:00,136.0,3.7284863718893444,Junior,.java,1
850,2023-02-05 10:00:00,496.0,5.1261520520580515,Junior,.java,0
851,2023-02-05 11:00:00,365.0,4.13031174647697,Junior,.java,1
852,2023-02-05 12:00:00,321.0,0.6913278618661944,Junior,.java,1
853,2023-02-05 13:00:00,342.0,4.371653888168265,Bot,.java,0
854,2023-02-05 14:00:00,145.0,0.9739339255355217,Bot,.java,0
855,2023-02-05 15:00:00,327.0,4.050207990803215,Senior,.java,0
856,2023-02-05 16:00:00,217.0,5.929183998317819,Bot,.py,0
857,2023-02-05 17:00:00,,5.794148993435008,Bot,.xml,0
858,2023-02-05 18:00:00,132.0,6.626212790083203,Junior,.java,0
859,2023-02-05 19:00:00,292.0,0.9526150795462629,Bot,.xml,0
860,2023-02-05 20:00:00,70.0,6.521232455304379,Junior,.java,0
861,2023-02-05 21:00:00,252.0,3.121480566964471,Senior,.java,1
862,2023-02-05 22:00:00,415.0,3.9904594613711106,Senior,.py,0
863,2023-02-05 23:00:00,,8.579862539227058,Bot,.py,0
864,2023-02-06 00:00:00,445.0,0.09030404129550251,Senior,.xml,0
865,2023-02-06 01:00:00,364.0,5.884126333406055,Bot,.py,1
866,2023-02-06 02:00:00,182.0,5.987139801001076,Senior,.py,0
867,2023-02-06 03:00:00,167.0,3.9665977634356198,Junior,.xml,0
868,2023-02-06 04:00:00,91.0,2.370278571083362,Junior,.py,0
869,2023-02-06 05:00:00,202.0,2.346740382615511,Junior,.java,0
870,2023-02-06 06:00:00,346.0,8.837096696607526,Junior,.xml,0
871,2023-02-06 07:00:00,19.0,4.420243737828575,Bot,.xml,1
872,2023-02-06 08:00:00,39.0,3.3088936298917195,Senior,.java,0
873,2023-02-06 09:00:00,126.0,4.48777573831403,Bot,.py,0
874,2023-02-06 10:00:00,451.0,6.693904014593613,Junior,.xml,0
875,2023-02-06 11:00:00,,1.457565682447517,Bot,.xml,0
876,2023-02-06 12:00:00,141.0,4.494338352137377,Senior,.java,0
877,2023-02-06 13:00:00,242.0,5.878843711103869,Bot,.java,0
878,2023-02-06 14:00:00,220.0,9.485833548514337,Senior,.py,0
879,2023-02-06 15:00:00,126.0,2.5252778207541926,,.xml,0
880,2023-02-06 16:00:00,58.0,3.592507479162456,Senior,.py,0
881,2023-02-06 17:00:00,,3.7935858992242375,Senior,.py,0
882,2023-02-06 18:00:00,476.0,6.055381576448829,Junior,.java,0
883,2023-02-06 19:00:00,456.0,3.567320530400017,Senior,.xml,0
884,2023-02-06 20:00:00,,5.3351192529969556,Junior,.xml,0
885,2023-02-06 21:00:00,383.0,7.817903298450294,Junior,.xml,1
886,2023-02-06 22:00:00,361.0,7.053855941122036,Junior,.java,0
887,2023-02-06 23:00:00,423.0,4.463686465125855,Bot,.java,0
888,2023-02-07 00:00:00,1.0,8.64216177674169,Bot,.java,0
889,2023-02-07 01:00:00,387.0,5.581402495938629,,.java,0
890,2023-02-07 02:00:00,461.0,5.399058395022125,,.java,0
891,2023-02-07 03:00:00,348.0,0.34187765939158177,Senior,.xml,0
892,2023-02-07 04:00:00,190.0,9.866929803571615,Senior,.py,0
893,2023-02-07 05:00:00,191.0,1.2297080852962672,Bot,.xml,1
894,2023-02-07 06:00:00,369.0,2.311309124276466,Senior,.py,0
895,2023-02-07 07:00:00,409.0,0.5169683724152696,Senior,.java,0
896,2023-02-07 08:00:00,312.0,6.400029668369137,Junior,.py,0
897,2023-02-07 09:00:00,417.0,2.2470117697268,Junior,.xml,0
898,2023-02-07 10:00:00,422.0,1.800104374727235,Junior,.xml,0
899,2023-02-07 11:00:00,117.0,0.8855558422324139,Junior,.py,0
900,2023-02-07 12:00:00,134.0,1.0330895712401567,,.java,0
901,2023-02-07 13:00:00,58.0,5.8467070044258875,,.java,0
902,2023-02-07 14:00:00,44.0,6.882078658665955,Senior,.xml,0
903,2023-02-07 15:00:00,173.0,3.97378988464401,Senior,.py,0
904,2023-02-07 16:00:00,160.0,4.7989708159207325,Senior,.java,0
905,2023-02-07 17:00:00,173.0,6.859677359829841,Junior,.java,0
906,2023-02-07 18:00:00,317.0,0.17379790185479638,Junior,.xml,0
907,2023-02-07 19:00:00,303.0,3.2313065707027855,Junior,.java,0
908,2023-02-07 20:00:00,149.0,9.730977480703464,Bot,.py,0
909,2023-02-07 21:00:00,80.0,5.801122296954681,Senior,.xml,0
910,2023-02-07 22:00:00,374.0,2.5422457989749327,Bot,.xml,1
911,2023-02-07 23:00:00,,5.217300466362131,Junior,.py,0
912,2023-02-08 00:00:00,203.0,3.4265348812091534,Bot,.xml,0
913,2023-02-08 01:00:00,252.0,5.322449888262991,Senior,.java,0
914,2023-02-08 02:00:00,229.0,1.2574151180664883,Senior,.java,0
915,2023-02-08 03:00:00,164.0,1.3271465381927738,Junior,.py,0
916,2023-02-08 04:00:00,227.0,1.4354236203939286,Junior,.java,0
917,2023-02-08 05:00:00,147.0,9.398197919268418,Bot,.py,0
918,2023-02-08 06:00:00,20.0,7.328989183413418,,.py,0
919,2023-02-08 07:00:00,441.0,1.623818946623209,Junior,.java,0
920,2023-02-08 08:00:00,402.0,1.8834908376560144,Senior,.py,0
921,2023-02-08 09:00:00,47.0,7.3082947487087635,Junior,.java,0
922,2023-02-08 10:00:00,233.0,1.5616384479217393,Junior,.xml,0
923,2023-02-08 11:00:00,305.0,2.3456129333482867,Senior,.xml,0
924,2023-02-08 12:00:00,14.0,9.63346832820399,Senior,.py,0
925,2023-02-08 13:00:00,143.0,2.5530652472843185,Bot,.java,0
926,2023-02-08 14:00:00,415.0,6.616323503711468,Junior,.java,0
927,2023-02-08 15:00:00,1.0,9.786312874005304,Senior,.xml,0
928,2023-02-08 16:00:00,373.0,3.7429676713979267,Bot,.xml,0
929,2023-02-08 17:00:00,54.0,0.17515990862062236,Bot,.java,0
930,2023-02-08 18:00:00,374.0,2.4414729042237426,Junior,.py,0
931,2023-02-08 19:00:00,259.0,8.308771913417054,Junior,.xml,0
932,2023-02-08 20:00:00,144.0,8.646088359550367,Bot,.py,0
933,2023-02-08 21:00:00,471.0,7.685193645237912,Senior,.py,0
934,2023-02-08 22:00:00,441.0,1.1310981907657303,Bot,.xml,0
935,2023-02-08 23:00:00,459.0,7.9551037169640315,Junior,.py,0
936,2023-02-09 00:00:00,12.0,9.186777969935044,Senior,.py,0
937,2023-02-09 01:00:00,330.0,6.006095425462361,Senior,.java,0
938,2023-02-09 02:00:00,224.0,9.408753563380648,Bot,.py,0
939,2023-02-09 03:00:00,272.0,8.268388837118774,Junior,.java,0
940,2023-02-09 04:00:00,456.0,6.669715169909073,Bot,.xml,0
941,2023-02-09 05:00:00,358.0,5.771852367117481,Bot,.xml,1
942,2023-02-09 06:00:00,460.0,3.485736672419705,Bot,.java,0
943,2023-02-09 07:00:00,408.0,1.5928744524280514,Senior,.xml,0
944,2023-02-09 08:00:00,156.0,6.0495392269054085,Senior,.py,0
945,2023-02-09 09:00:00,373.0,3.1811155361811947,Junior,.py,0
946,2023-02-09 10:00:00,8.0,8.664386675276454,Junior,.py,0
947,2023-02-09 11:00:00,122.0,9.933369373586284,Bot,.xml,0
948,2023-02-09 12:00:00,348.0,7.524277626155725,Bot,.py,0
949,2023-02-09 13:00:00,164.0,0.9048169528705075,Bot,.xml,0
950,2023-02-09 14:00:00,90.0,2.8868559553063813,Junior,.py,0
951,2023-02-09 15:00:00,136.0,1.0910963176574973,,.java,0
952,2023-02-09 16:00:00,186.0,6.5051164779171575,Senior,.xml,0
953,2023-02-09 17:00:00,316.0,7.651908645557847,Bot,.xml,0
954,2023-02-09 18:00:00,178.0,9.256748308807119,Bot,.py,0
955,2023-02-09 19:00:00,28.0,4.381723464119877,Bot,.xml,0
956,2023-02-09 20:00:00,220.0,9.013756495884444,Bot,.xml,1
957,2023-02-09 21:00:00,357.0,8.778911590413275,Junior,.java,0
958,2023-02-09 22:00:00,41.0,3.1719571676539857,,.java,0
959,2023-02-09 23:00:00,228.0,8.68900625540571,Bot,.py,0
960,2023-02-10 00:00:00,192.0,3.7567225188172646,Junior,.java,0
961,2023-02-10 01:00:00,,2.968692745602808,Bot,.py,0
962,2023-02-10 02:00:00,447.0,6.490746587943931,Bot,.py,0
963,2023-02-10 03:00:00,145.0,3.2838122788508106,Senior,.py,0
964,2023-02-10 04:00:00,201.0,6.302087483291442,Bot,.xml,0
965,2023-02-10 05:00:00,417.0,6.098318054986946,Senior,.java,0
966,2023-02-10 06:00:00,212.0,5.634389273484588,Senior,.py,0
967,2023-02-10 07:00:00,461.0,3.804197042327977,Senior,.java,0
968,2023-02-10 08:00:00,220.0,5.484997216514768,Junior,.py,0
969,2023-02-10 09:00:00,240.0,5.964854749854216,Junior,.java,0
970,2023-02-10 10:00:00,413.0,5.456868884954734,Senior,.java,1
971,2023-02-10 11:00:00,397.0,4.444194527512016,Bot,.py,0
972,2023-02-10 12:00:00,46.0,0.1466705704626381,Senior,.xml,0
973,2023-02-10 13:00:00,35.0,5.870617077011509,Bot,.java,0
974,2023-02-10 14:00:00,253.0,1.6844438514271964,Senior,.xml,0
975,2023-02-10 15:00:00,,6.425759689471896,Bot,.xml,0
976,2023-02-10 16:00:00,82.0,7.59344327922866,Junior,.py,1
977,2023-02-10 17:00:00,371.0,5.004453091307415,Bot,.py,0
978,2023-02-10 18:00:00,256.0,5.423636649797383,,.py,0
979,2023-02-10 19:00:00,197.0,9.514785596659912,,.java,0
980,2023-02-10 20:00:00,303.0,8.471673613725741,Bot,.py,0
981,2023-02-10 21:00:00,409.0,9.1423651595147,Bot,.py,0
982,2023-02-10 22:00:00,450.0,8.137662883195864,Bot,.java,0
983,2023-02-10 23:00:00,10.0,1.0891834184673144,Bot,.java,0
984,2023-02-11 00:00:00,312.0,1.489918559701947,Bot,.py,0
985,2023-02-11 01:00:00,286.0,5.266237972689596,Junior,.py,0
986,2023-02-11 02:00:00,242.0,2.4606965879799825,Junior,.py,0
987,2023-02-11 03:00:00,251.0,4.766954750411592,Junior,.py,1
988,2023-02-11 04:00:00,365.0,3.943653238183502,Junior,.xml,0
989,2023-02-11 05:00:00,5.0,5.494142384304533,Senior,.xml,0
990,2023-02-11 06:00:00,119.0,7.468757161358227,Junior,.py,0
991,2023-02-11 07:00:00,289.0,7.154909070992744,Bot,.xml,0
992,2023-02-11 08:00:00,374.0,5.212341324853344,Bot,.java,1
993,2023-02-11 09:00:00,65.0,8.223934188170581,Junior,.xml,0
994,2023-02-11 10:00:00,,4.308620915380334,Bot,.xml,0
995,2023-02-11 11:00:00,224.0,8.967142898401224,Junior,.py,0
996,2023-02-11 12:00:00,239.0,0.7128027005516391,Bot,.xml,0
997,2023-02-11 13:00:00,177.0,9.546600300333075,Senior,.xml,0
998,2023-02-11 14:00:00,267.0,6.546930814313482,Senior,.xml,0
999,2023-02-11 15:00:00,341.0,3.800745089372053,Junior,.xml,0
