lines_modified,complexity,author_type_Bot,author_type_Junior,author_type_Senior,file_type_.java,file_type_.py,file_type_.xml,commit_id,commit_date,target,churn_score,author_count,days_since_fix
103.0,7.495782999760721,0.0,0.0,1.0,1.0,0.0,0.0,0,2023-01-01 00:00:00,0,51,5,276
436.0,3.929894489788591,0.0,0.0,1.0,1.0,0.0,0.0,1,2023-01-01 01:00:00,0,92,1,241
349.0,8.291642207065145,0.0,1.0,0.0,0.0,0.0,1.0,2,2023-01-01 02:00:00,0,14,2,173
271.0,5.690814691657477,0.0,1.0,0.0,1.0,0.0,0.0,3,2023-01-01 03:00:00,0,71,6,59
107.0,0.6351182959000135,0.0,1.0,0.0,0.0,1.0,0.0,4,2023-01-01 04:00:00,0,60,1,96
72.0,0.3682186763599138,0.0,1.0,0.0,0.0,0.0,1.0,5,2023-01-01 05:00:00,0,20,4,84
189.0,1.338521188006332,0.0,0.0,1.0,1.0,0.0,0.0,6,2023-01-01 06:00:00,0,82,2,239
21.0,0.1367196482699728,0.0,0.0,1.0,0.0,0.0,1.0,7,2023-01-01 07:00:00,0,86,3,120
103.0,0.7535906035246231,0.0,1.0,0.0,0.0,0.0,1.0,8,2023-01-01 08:00:00,0,74,8,151
122.0,6.9171439716891205,1.0,0.0,0.0,1.0,0.0,0.0,9,2023-01-01 09:00:00,0,74,1,311
467.0,5.343462750294631,0.0,0.0,1.0,0.0,0.0,1.0,10,2023-01-01 10:00:00,0,87,4,195
215.0,7.499107494699718,1.0,0.0,0.0,0.0,1.0,0.0,11,2023-01-01 11:00:00,0,99,3,199
331.0,9.131657522576427,1.0,0.0,0.0,0.0,1.0,0.0,12,2023-01-01 12:00:00,0,23,10,67
459.0,5.85149532325472,0.0,1.0,0.0,0.0,0.0,1.0,13,2023-01-01 13:00:00,0,2,2,227
88.0,7.26120844071848,0.0,1.0,0.0,1.0,0.0,0.0,14,2023-01-01 14:00:00,0,21,3,109
373.0,7.570812020424559,0.0,1.0,0.0,0.0,0.0,1.0,15,2023-01-01 15:00:00,0,52,3,245
100.0,3.778505492757864,0.0,1.0,0.0,0.0,1.0,0.0,16,2023-01-01 16:00:00,0,1,4,100
360.0,2.4108483232963183,0.0,0.0,1.0,0.0,0.0,1.0,17,2023-01-01 17:00:00,0,87,6,57
152.0,2.050453285065249,0.0,0.0,1.0,0.0,0.0,1.0,18,2023-01-01 18:00:00,0,29,5,257
131.0,2.5144243951179845,0.0,1.0,0.0,0.0,1.0,0.0,19,2023-01-01 19:00:00,0,37,5,14
150.0,2.747317970259088,0.0,0.0,1.0,0.0,0.0,1.0,20,2023-01-01 20:00:00,0,1,1,120
309.0,2.0722764900805646,0.0,1.0,0.0,0.0,0.0,1.0,21,2023-01-01 21:00:00,0,63,6,359
258.0,8.782206674791922,1.0,0.0,0.0,1.0,0.0,0.0,22,2023-01-01 22:00:00,0,59,9,349
344.0,7.569991321722287,1.0,0.0,0.0,1.0,0.0,0.0,23,2023-01-01 23:00:00,0,20,1,213
492.0,0.4689646779121992,1.0,0.0,0.0,0.0,1.0,0.0,24,2023-01-02 00:00:00,0,32,1,339
414.0,2.6867248202530734,0.0,1.0,0.0,0.0,1.0,0.0,25,2023-01-02 01:00:00,0,75,10,96
294.0,0.2218474203030163,1.0,0.0,0.0,0.0,1.0,0.0,26,2023-01-02 02:00:00,0,57,3,330
386.0,4.981651866458929,0.0,0.0,1.0,1.0,0.0,0.0,27,2023-01-02 03:00:00,1,21,1,287
192.0,4.7621069678901415,1.0,0.0,0.0,0.0,1.0,0.0,28,2023-01-02 04:00:00,0,88,5,72
444.0,8.313714900625012,1.0,0.0,0.0,0.0,1.0,0.0,29,2023-01-02 05:00:00,0,48,5,189
277.0,3.0777723977104943,1.0,0.0,0.0,0.0,1.0,0.0,30,2023-01-02 06:00:00,0,90,9,72
161.0,8.163857352130623,0.0,0.0,1.0,1.0,0.0,0.0,31,2023-01-02 07:00:00,0,58,10,330
460.0,9.679737654398233,0.0,1.0,0.0,0.0,0.0,1.0,32,2023-01-02 08:00:00,0,41,8,86
314.0,0.8840822336564658,0.0,0.0,1.0,0.0,1.0,0.0,33,2023-01-02 09:00:00,0,91,5,242
22.0,7.918178394696329,0.0,1.0,0.0,0.0,0.0,1.0,34,2023-01-02 10:00:00,0,59,9,144
253.0,5.8995589713763605,0.0,1.0,0.0,0.0,1.0,0.0,35,2023-01-02 11:00:00,0,79,6,116
236.0,4.800459670184751,1.0,0.0,0.0,0.0,0.0,1.0,36,2023-01-02 12:00:00,0,14,1,328
345.0,4.205357786650751,0.0,1.0,0.0,1.0,0.0,0.0,37,2023-01-02 13:00:00,0,61,4,50
49.0,7.846682639443095,0.0,0.0,1.0,1.0,0.0,0.0,38,2023-01-02 14:00:00,0,61,3,18
475.0,6.393613569742423,0.0,0.0,1.0,0.0,1.0,0.0,39,2023-01-02 15:00:00,0,46,10,92
59.0,8.05044667519362,0.0,1.0,0.0,0.0,0.0,1.0,40,2023-01-02 16:00:00,0,61,10,285
170.0,9.031510586766265,1.0,0.0,0.0,1.0,0.0,0.0,41,2023-01-02 17:00:00,0,50,1,1
476.0,6.1726371209729205,1.0,0.0,0.0,0.0,1.0,0.0,42,2023-01-02 18:00:00,0,54,7,63
188.0,9.80462725092378,0.0,0.0,1.0,0.0,1.0,0.0,43,2023-01-02 19:00:00,0,63,6,140
464.0,6.080878495418852,1.0,0.0,0.0,1.0,0.0,0.0,44,2023-01-02 20:00:00,0,2,6,66
271.0,6.366443216222826,0.0,1.0,0.0,1.0,0.0,0.0,45,2023-01-02 21:00:00,0,100,6,312
190.0,5.5481560854222565,0.0,1.0,0.0,0.0,1.0,0.0,46,2023-01-02 22:00:00,0,50,9,305
446.0,0.9100209105133028,0.0,0.0,1.0,0.0,0.0,1.0,47,2023-01-02 23:00:00,0,6,8,8
175.0,7.263970326502283,0.0,1.0,0.0,0.0,0.0,1.0,48,2023-01-03 00:00:00,0,20,4,233
446.0,5.474463068991115,0.0,0.0,1.0,0.0,0.0,1.0,49,2023-01-03 01:00:00,0,72,7,164
51.0,4.509104474161044,0.0,1.0,0.0,0.0,1.0,0.0,50,2023-01-03 02:00:00,0,38,4,34
364.0,9.10471278403273,0.0,0.0,1.0,1.0,0.0,0.0,51,2023-01-03 03:00:00,0,17,3,10
55.0,2.979594515419505,1.0,0.0,0.0,0.0,1.0,0.0,52,2023-01-03 04:00:00,0,3,5,116
244.0,5.236022760150112,0.0,1.0,0.0,1.0,0.0,0.0,53,2023-01-03 05:00:00,0,88,3,119
320.0,6.976418714934633,0.0,1.0,0.0,0.0,0.0,1.0,54,2023-01-03 06:00:00,1,59,8,53
131.0,7.964717756738773,0.0,0.0,1.0,0.0,0.0,1.0,55,2023-01-03 07:00:00,0,13,4,21
485.0,4.593468079461724,0.0,0.0,1.0,1.0,0.0,0.0,56,2023-01-03 08:00:00,0,8,7,306
307.0,8.420914150187096,0.0,1.0,0.0,1.0,0.0,0.0,57,2023-01-03 09:00:00,0,89,9,315
135.0,7.689177413153975,0.0,0.0,1.0,0.0,1.0,0.0,58,2023-01-03 10:00:00,0,52,4,209
21.0,0.6623597785186586,0.0,1.0,0.0,0.0,0.0,1.0,59,2023-01-03 11:00:00,0,1,7,123
329.0,0.4586126640463295,1.0,0.0,0.0,0.0,1.0,0.0,60,2023-01-03 12:00:00,0,83,8,235
167.0,6.208056844220913,0.0,0.0,1.0,0.0,1.0,0.0,61,2023-01-03 13:00:00,0,91,5,255
274.0,3.4741340822541424,0.0,1.0,0.0,0.0,1.0,0.0,62,2023-01-03 14:00:00,0,59,6,220
388.0,2.091307910785142,1.0,0.0,0.0,0.0,0.0,1.0,63,2023-01-03 15:00:00,0,70,4,104
89.0,5.796499344717384,1.0,0.0,0.0,0.0,1.0,0.0,64,2023-01-03 16:00:00,0,43,6,249
316.0,3.41563210456545,0.0,1.0,0.0,0.0,1.0,0.0,65,2023-01-03 17:00:00,0,7,4,40
14.0,5.372634167140701,0.0,0.0,1.0,0.0,1.0,0.0,66,2023-01-03 18:00:00,0,46,9,74
242.0,4.60119158983572,0.0,1.0,0.0,0.0,1.0,0.0,67,2023-01-03 19:00:00,0,34,4,352
265.0,5.847661059491537,1.0,0.0,0.0,0.0,1.0,0.0,68,2023-01-03 20:00:00,0,77,6,249
346.0,4.003004889102813,0.0,1.0,0.0,0.0,1.0,0.0,69,2023-01-03 21:00:00,0,80,2,227
53.0,6.976675736969318,0.0,0.0,1.0,0.0,0.0,1.0,70,2023-01-03 22:00:00,1,35,7,62
386.0,1.8006727234929851,1.0,0.0,0.0,0.0,1.0,0.0,71,2023-01-03 23:00:00,0,49,1,101
340.0,6.965014662270789,0.0,1.0,0.0,1.0,0.0,0.0,72,2023-01-04 00:00:00,0,3,1,25
92.0,4.116612143575281,0.0,0.0,1.0,0.0,1.0,0.0,73,2023-01-04 01:00:00,0,1,8,21
367.0,8.743176048544171,1.0,0.0,0.0,0.0,1.0,0.0,74,2023-01-04 02:00:00,0,5,2,72
444.0,5.1523605486421085,0.0,0.0,1.0,0.0,0.0,1.0,75,2023-01-04 03:00:00,0,53,4,42
455.0,9.731103492701044,1.0,0.0,0.0,0.0,0.0,1.0,76,2023-01-04 04:00:00,0,3,2,132
428.0,6.019353955409602,0.0,1.0,0.0,1.0,0.0,0.0,77,2023-01-04 05:00:00,1,53,6,334
264.0,2.238490659063206,0.0,0.0,1.0,1.0,0.0,0.0,78,2023-01-04 06:00:00,0,92,9,354
431.0,8.217906368444492,1.0,0.0,0.0,0.0,0.0,1.0,79,2023-01-04 07:00:00,0,62,1,255
35.0,3.4508262782238672,0.0,0.0,1.0,0.0,0.0,1.0,80,2023-01-04 08:00:00,0,17,4,121
206.0,3.476192144826835,0.0,0.0,1.0,0.0,1.0,0.0,81,2023-01-04 09:00:00,0,89,7,31
81.0,0.3180468148516513,0.0,1.0,0.0,0.0,0.0,1.0,82,2023-01-04 10:00:00,0,43,10,247
420.0,5.487153092074086,0.0,0.0,1.0,1.0,0.0,0.0,83,2023-01-04 11:00:00,0,33,5,22
50.0,5.34423503732523,1.0,0.0,0.0,0.0,1.0,0.0,84,2023-01-04 12:00:00,0,73,7,141
360.0,3.559914842719861,1.0,0.0,0.0,1.0,0.0,0.0,85,2023-01-04 13:00:00,0,61,8,222
388.0,8.942172628959257,1.0,0.0,0.0,0.0,1.0,0.0,86,2023-01-04 14:00:00,0,99,10,178
2.0,1.287483982996439,1.0,0.0,0.0,0.0,0.0,1.0,87,2023-01-04 15:00:00,0,13,5,197
390.0,3.300995133101554,0.0,1.0,0.0,1.0,0.0,0.0,88,2023-01-04 16:00:00,0,94,6,272
54.0,3.2158276468002898,0.0,0.0,1.0,0.0,1.0,0.0,89,2023-01-04 17:00:00,0,47,9,4
106.0,0.9229058622874609,0.0,1.0,0.0,0.0,1.0,0.0,90,2023-01-04 18:00:00,0,14,5,267
260.0,4.811453940562932,0.0,0.0,1.0,0.0,0.0,1.0,91,2023-01-04 19:00:00,0,71,8,296
310.0,6.87784717096083,0.0,1.0,0.0,0.0,0.0,1.0,92,2023-01-04 20:00:00,0,77,5,347
477.0,5.116570135472612,0.0,0.0,1.0,0.0,0.0,1.0,93,2023-01-04 21:00:00,0,86,3,40
191.0,1.5697768271619372,0.0,1.0,0.0,1.0,0.0,0.0,94,2023-01-04 22:00:00,0,61,10,164
402.0,3.772859652420726,0.0,1.0,0.0,0.0,1.0,0.0,95,2023-01-04 23:00:00,0,39,7,194
218.0,0.0259502438364656,0.0,1.0,0.0,0.0,0.0,1.0,96,2023-01-05 00:00:00,0,84,8,210
44.0,8.683011070355867,1.0,0.0,0.0,1.0,0.0,0.0,97,2023-01-05 01:00:00,0,79,9,353
162.0,0.8451700768068193,1.0,0.0,0.0,1.0,0.0,0.0,98,2023-01-05 02:00:00,0,81,9,234
202.0,5.972780822554306,0.0,0.0,1.0,1.0,0.0,0.0,99,2023-01-05 03:00:00,0,52,2,158
446.0,9.862569958668152,0.0,1.0,0.0,0.0,0.0,1.0,100,2023-01-05 04:00:00,0,23,9,188
484.0,5.365906459873325,1.0,0.0,0.0,0.0,0.0,1.0,101,2023-01-05 05:00:00,0,25,10,334
249.3690851735016,9.240417591074332,0.0,1.0,0.0,0.0,1.0,0.0,102,2023-01-05 06:00:00,1,88,6,121
351.0,2.3611653311740435,0.0,1.0,0.0,0.0,1.0,0.0,103,2023-01-05 07:00:00,0,59,6,99
304.0,7.599554089375856,0.0,0.0,1.0,0.0,0.0,1.0,104,2023-01-05 08:00:00,0,40,9,147
271.0,5.312657539735341,0.0,1.0,0.0,1.0,0.0,0.0,105,2023-01-05 09:00:00,0,28,7,75
456.0,7.205160613914648,0.0,0.0,1.0,1.0,0.0,0.0,106,2023-01-05 10:00:00,0,14,9,332
462.0,0.6234136251124145,0.0,0.0,1.0,1.0,0.0,0.0,107,2023-01-05 11:00:00,0,44,4,167
215.0,1.477390919062267,1.0,0.0,0.0,0.0,1.0,0.0,108,2023-01-05 12:00:00,0,64,5,177
252.0,1.3311692858747826,1.0,0.0,0.0,1.0,0.0,0.0,109,2023-01-05 13:00:00,0,88,3,346
190.0,6.871655054033311,0.0,1.0,0.0,0.0,1.0,0.0,110,2023-01-05 14:00:00,0,70,4,126
296.0,8.444406726336288,1.0,0.0,0.0,0.0,1.0,0.0,111,2023-01-05 15:00:00,0,8,2,29
213.0,7.496162320085874,0.0,1.0,0.0,1.0,0.0,0.0,112,2023-01-05 16:00:00,0,87,5,180
208.0,0.3047215273359416,0.0,1.0,0.0,1.0,0.0,0.0,113,2023-01-05 17:00:00,0,0,3,198
237.0,8.672149810747232,0.0,1.0,0.0,0.0,0.0,1.0,114,2023-01-05 18:00:00,0,7,3,184
338.0,3.5414667079312547,1.0,0.0,0.0,0.0,0.0,1.0,115,2023-01-05 19:00:00,0,87,2,312
367.0,3.971638325040825,0.0,0.0,1.0,1.0,0.0,0.0,116,2023-01-05 20:00:00,0,62,5,0
53.0,1.048691665324809,0.0,1.0,0.0,0.0,1.0,0.0,117,2023-01-05 21:00:00,0,10,6,229
280.0,7.374052060938191,0.0,0.0,1.0,0.0,1.0,0.0,118,2023-01-05 22:00:00,0,80,6,327
410.0,1.8228387847595808,0.0,0.0,1.0,0.0,1.0,0.0,119,2023-01-05 23:00:00,1,7,1,271
217.0,5.639650920188364,1.0,0.0,0.0,0.0,1.0,0.0,120,2023-01-06 00:00:00,0,34,4,315
252.0,8.407099858779311,0.0,0.0,1.0,0.0,1.0,0.0,121,2023-01-06 01:00:00,1,34,5,297
188.0,0.8920432871205619,0.0,0.0,1.0,0.0,0.0,1.0,122,2023-01-06 02:00:00,0,32,8,177
380.0,5.353355640155235,1.0,0.0,0.0,1.0,0.0,0.0,123,2023-01-06 03:00:00,0,4,2,305
249.3690851735016,2.332164115498012,0.0,1.0,0.0,0.0,0.0,1.0,124,2023-01-06 04:00:00,0,40,3,311
41.0,3.4292686427826027,0.0,0.0,1.0,0.0,1.0,0.0,125,2023-01-06 05:00:00,0,27,8,112
157.0,4.739699414305561,1.0,0.0,0.0,0.0,1.0,0.0,126,2023-01-06 06:00:00,0,6,10,198
15.0,3.551043032793048,0.0,0.0,1.0,0.0,1.0,0.0,127,2023-01-06 07:00:00,0,72,4,89
301.0,6.48822840291576,0.0,0.0,1.0,0.0,1.0,0.0,128,2023-01-06 08:00:00,0,71,2,214
65.0,4.795821017542502,0.0,1.0,0.0,1.0,0.0,0.0,129,2023-01-06 09:00:00,0,11,2,138
345.0,5.8419948471416925,0.0,0.0,1.0,0.0,1.0,0.0,130,2023-01-06 10:00:00,0,33,4,180
327.0,7.368224753949129,1.0,0.0,0.0,1.0,0.0,0.0,131,2023-01-06 11:00:00,0,32,7,80
9.0,5.577422659504374,0.0,0.0,1.0,0.0,1.0,0.0,132,2023-01-06 12:00:00,1,47,6,53
344.0,5.865354346607591,0.0,1.0,0.0,1.0,0.0,0.0,133,2023-01-06 13:00:00,0,22,10,100
129.0,5.6445854252264125,0.0,1.0,0.0,0.0,0.0,1.0,134,2023-01-06 14:00:00,1,61,9,226
249.3690851735016,3.7877262595128935,1.0,0.0,0.0,0.0,1.0,0.0,135,2023-01-06 15:00:00,0,87,1,260
136.0,3.374468338719181,0.0,1.0,0.0,1.0,0.0,0.0,136,2023-01-06 16:00:00,0,36,6,89
472.0,8.996473971450122,0.0,0.0,1.0,0.0,0.0,1.0,137,2023-01-06 17:00:00,0,98,1,215
63.0,6.075552222935729,0.0,1.0,0.0,0.0,1.0,0.0,138,2023-01-06 18:00:00,0,43,9,127
139.0,2.4435315546465453,1.0,0.0,0.0,0.0,1.0,0.0,139,2023-01-06 19:00:00,0,85,7,138
499.0,4.982476978489402,0.0,1.0,0.0,0.0,1.0,0.0,140,2023-01-06 20:00:00,0,90,8,199
81.0,3.30348481280914,0.0,1.0,0.0,1.0,0.0,0.0,141,2023-01-06 21:00:00,0,34,9,99
392.0,9.336918237598743,0.0,1.0,0.0,1.0,0.0,0.0,142,2023-01-06 22:00:00,0,64,9,118
163.0,0.0753436313407474,1.0,0.0,0.0,0.0,0.0,1.0,143,2023-01-06 23:00:00,1,98,8,248
419.0,2.2533279771252825,0.0,1.0,0.0,1.0,0.0,0.0,144,2023-01-07 00:00:00,0,100,2,128
289.0,3.6535681967405766,0.0,1.0,0.0,1.0,0.0,0.0,145,2023-01-07 01:00:00,0,46,10,150
379.0,4.878098008087379,0.0,0.0,1.0,0.0,1.0,0.0,146,2023-01-07 02:00:00,0,77,10,26
261.0,8.508175178361462,1.0,0.0,0.0,0.0,1.0,0.0,147,2023-01-07 03:00:00,0,2,5,170
490.0,0.8788762454014387,0.0,1.0,0.0,0.0,1.0,0.0,148,2023-01-07 04:00:00,0,0,10,70
231.0,8.058648867411435,0.0,1.0,0.0,0.0,1.0,0.0,149,2023-01-07 05:00:00,0,4,2,255
41.0,0.5565348935697534,0.0,1.0,0.0,0.0,1.0,0.0,150,2023-01-07 06:00:00,0,89,7,31
28.0,8.423140352981816,0.0,1.0,0.0,0.0,1.0,0.0,151,2023-01-07 07:00:00,0,13,4,31
135.0,0.5163547787451284,0.0,1.0,0.0,0.0,1.0,0.0,152,2023-01-07 08:00:00,0,26,1,200
201.0,0.1824248142836104,0.0,0.0,1.0,0.0,0.0,1.0,153,2023-01-07 09:00:00,0,8,2,10
328.0,6.969614623664215,0.0,0.0,1.0,0.0,0.0,1.0,154,2023-01-07 10:00:00,0,78,10,209
268.0,9.972555347683944,0.0,0.0,1.0,0.0,0.0,1.0,155,2023-01-07 11:00:00,1,14,8,364
418.0,8.966102629740208,1.0,0.0,0.0,0.0,0.0,1.0,156,2023-01-07 12:00:00,0,89,9,130
33.0,5.7599841780566,1.0,0.0,0.0,0.0,1.0,0.0,157,2023-01-07 13:00:00,0,41,4,357
249.3690851735016,9.173956130855316,0.0,0.0,1.0,0.0,0.0,1.0,158,2023-01-07 14:00:00,0,76,3,27
407.0,0.0530000639760541,1.0,0.0,0.0,0.0,1.0,0.0,159,2023-01-07 15:00:00,0,50,1,148
62.0,9.750671629451425,0.0,1.0,0.0,0.0,0.0,1.0,160,2023-01-07 16:00:00,0,62,4,104
216.0,4.907487792587845,0.0,1.0,0.0,1.0,0.0,0.0,161,2023-01-07 17:00:00,0,95,3,337
293.0,7.228960966217757,0.0,1.0,0.0,0.0,0.0,1.0,162,2023-01-07 18:00:00,1,51,1,362
99.0,8.208614731533526,0.0,0.0,1.0,0.0,0.0,1.0,163,2023-01-07 19:00:00,0,95,3,340
172.0,7.184572708365536,1.0,0.0,0.0,0.0,1.0,0.0,164,2023-01-07 20:00:00,1,3,7,123
360.0,5.350367320449106,0.0,0.0,1.0,0.0,0.0,1.0,165,2023-01-07 21:00:00,1,93,8,129
214.0,4.76619484126412,1.0,0.0,0.0,1.0,0.0,0.0,166,2023-01-07 22:00:00,0,100,5,306
475.0,8.385825587026247,0.0,1.0,0.0,0.0,1.0,0.0,167,2023-01-07 23:00:00,0,22,10,262
35.0,2.050775601494591,0.0,0.0,1.0,0.0,1.0,0.0,168,2023-01-08 00:00:00,1,14,5,324
449.0,9.679940665042343,1.0,0.0,0.0,0.0,0.0,1.0,169,2023-01-08 01:00:00,0,42,7,37
249.3690851735016,7.109524788367483,1.0,0.0,0.0,0.0,1.0,0.0,170,2023-01-08 02:00:00,0,28,1,178
101.0,1.9950692733831976,0.0,1.0,0.0,0.0,1.0,0.0,171,2023-01-08 03:00:00,1,35,5,26
249.3690851735016,7.362471836984882,0.0,0.0,1.0,0.0,1.0,0.0,172,2023-01-08 04:00:00,0,12,7,1
462.0,5.298400231811167,0.0,0.0,1.0,0.0,1.0,0.0,173,2023-01-08 05:00:00,0,31,1,60
131.0,7.072300956444445,0.0,0.0,1.0,0.0,1.0,0.0,174,2023-01-08 06:00:00,0,70,5,338
257.0,7.677795014428388,0.0,1.0,0.0,0.0,1.0,0.0,175,2023-01-08 07:00:00,0,58,7,271
5.0,0.8729017958967544,0.0,0.0,1.0,1.0,0.0,0.0,176,2023-01-08 08:00:00,0,85,4,17
218.0,5.06103956359347,0.0,1.0,0.0,0.0,0.0,1.0,177,2023-01-08 09:00:00,0,27,7,242
255.0,9.32014342256934,0.0,1.0,0.0,1.0,0.0,0.0,178,2023-01-08 10:00:00,0,65,8,56
398.0,3.206421921595143,0.0,1.0,0.0,0.0,1.0,0.0,179,2023-01-08 11:00:00,0,41,9,239
359.0,5.938830975578988,1.0,0.0,0.0,0.0,1.0,0.0,180,2023-01-08 12:00:00,0,44,2,63
283.0,3.692304815098961,0.0,0.0,1.0,0.0,0.0,1.0,181,2023-01-08 13:00:00,0,61,5,154
393.0,4.5426797221909965,0.0,0.0,1.0,1.0,0.0,0.0,182,2023-01-08 14:00:00,0,56,6,103
207.0,5.486031179381532,0.0,1.0,0.0,0.0,0.0,1.0,183,2023-01-08 15:00:00,0,5,2,315
15.0,5.489219798889772,0.0,1.0,0.0,1.0,0.0,0.0,184,2023-01-08 16:00:00,0,27,9,13
346.0,2.0173046233023584,0.0,0.0,1.0,0.0,1.0,0.0,185,2023-01-08 17:00:00,0,27,1,60
249.3690851735016,6.845715478798333,0.0,1.0,0.0,0.0,0.0,1.0,186,2023-01-08 18:00:00,0,43,3,365
380.0,0.8786811124265681,0.0,0.0,1.0,0.0,0.0,1.0,187,2023-01-08 19:00:00,1,83,3,59
461.0,1.3882477344202038,1.0,0.0,0.0,0.0,1.0,0.0,188,2023-01-08 20:00:00,0,29,8,59
249.3690851735016,0.0271089941432967,0.0,1.0,0.0,0.0,0.0,1.0,189,2023-01-08 21:00:00,0,61,7,160
63.0,1.1669606414168132,0.0,0.0,1.0,1.0,0.0,0.0,190,2023-01-08 22:00:00,0,74,6,285
352.0,4.731662010518923,0.0,1.0,0.0,1.0,0.0,0.0,191,2023-01-08 23:00:00,0,91,1,275
231.0,6.061018810558386,0.0,1.0,0.0,1.0,0.0,0.0,192,2023-01-09 00:00:00,0,88,10,311
249.3690851735016,7.942894499664624,0.0,0.0,1.0,1.0,0.0,0.0,193,2023-01-09 01:00:00,0,61,5,58
52.0,1.0669925011343606,0.0,1.0,0.0,0.0,1.0,0.0,194,2023-01-09 02:00:00,0,96,1,191
96.0,8.507274600164546,1.0,0.0,0.0,0.0,0.0,1.0,195,2023-01-09 03:00:00,0,0,9,22
249.3690851735016,7.459745255487181,0.0,0.0,1.0,1.0,0.0,0.0,196,2023-01-09 04:00:00,0,26,9,354
222.0,4.085182929359169,0.0,0.0,1.0,0.0,1.0,0.0,197,2023-01-09 05:00:00,0,61,2,361
485.0,9.329380670999546,0.0,0.0,1.0,0.0,0.0,1.0,198,2023-01-09 06:00:00,0,76,9,309
407.0,9.909294764573906,1.0,0.0,0.0,0.0,0.0,1.0,199,2023-01-09 07:00:00,0,2,2,185
249.3690851735016,2.0500181005323723,1.0,0.0,0.0,0.0,1.0,0.0,200,2023-01-09 08:00:00,0,69,7,11
237.0,3.792285849638004,0.0,1.0,0.0,0.0,1.0,0.0,201,2023-01-09 09:00:00,0,71,1,288
143.0,9.26449423589711,1.0,0.0,0.0,1.0,0.0,0.0,202,2023-01-09 10:00:00,0,26,3,92
171.0,7.215965507512772,0.0,1.0,0.0,0.0,0.0,1.0,203,2023-01-09 11:00:00,0,8,2,259
29.0,0.4809464396408769,0.0,1.0,0.0,0.0,0.0,1.0,204,2023-01-09 12:00:00,0,61,6,39
36.0,7.815144817514149,1.0,0.0,0.0,0.0,1.0,0.0,205,2023-01-09 13:00:00,0,36,10,328
13.0,8.279408871774919,0.0,1.0,0.0,0.0,0.0,1.0,206,2023-01-09 14:00:00,0,96,10,261
160.0,7.505019247653135,1.0,0.0,0.0,1.0,0.0,0.0,207,2023-01-09 15:00:00,0,50,10,48
327.0,7.995371309195156,0.0,1.0,0.0,0.0,0.0,1.0,208,2023-01-09 16:00:00,0,43,1,23
187.0,8.251326766927972,1.0,0.0,0.0,0.0,1.0,0.0,209,2023-01-09 17:00:00,1,23,6,304
243.0,1.864049867881441,1.0,0.0,0.0,0.0,1.0,0.0,210,2023-01-09 18:00:00,0,78,10,95
86.0,2.3569174606499974,0.0,1.0,0.0,1.0,0.0,0.0,211,2023-01-09 19:00:00,0,58,6,261
284.0,6.337585637201773,0.0,0.0,1.0,1.0,0.0,0.0,212,2023-01-09 20:00:00,0,31,9,329
66.0,9.07866130462516,0.0,1.0,0.0,0.0,0.0,1.0,213,2023-01-09 21:00:00,0,95,4,225
170.0,3.1619658229649463,1.0,0.0,0.0,0.0,0.0,1.0,214,2023-01-09 22:00:00,0,87,3,335
45.0,5.883066757950567,0.0,0.0,1.0,0.0,1.0,0.0,215,2023-01-09 23:00:00,0,51,1,245
62.0,6.829820634171324,0.0,1.0,0.0,1.0,0.0,0.0,216,2023-01-10 00:00:00,0,61,6,27
441.0,4.519486012990392,0.0,1.0,0.0,1.0,0.0,0.0,217,2023-01-10 01:00:00,1,57,6,315
134.0,7.13782454855326,0.0,1.0,0.0,1.0,0.0,0.0,218,2023-01-10 02:00:00,0,51,1,293
284.0,8.99667445292173,0.0,0.0,1.0,0.0,0.0,1.0,219,2023-01-10 03:00:00,1,11,2,320
28.0,6.2410154418183765,1.0,0.0,0.0,1.0,0.0,0.0,220,2023-01-10 04:00:00,0,38,4,364
108.0,5.39781061914633,0.0,1.0,0.0,0.0,1.0,0.0,221,2023-01-10 05:00:00,0,1,6,136
44.0,4.38744675388339,0.0,1.0,0.0,0.0,1.0,0.0,222,2023-01-10 06:00:00,0,2,6,192
340.0,5.7748627090612565,0.0,1.0,0.0,0.0,0.0,1.0,223,2023-01-10 07:00:00,0,100,3,194
286.0,3.553624518183959,0.0,1.0,0.0,0.0,0.0,1.0,224,2023-01-10 08:00:00,0,55,1,303
446.0,3.914821102015019,0.0,1.0,0.0,1.0,0.0,0.0,225,2023-01-10 09:00:00,0,80,10,106
331.0,5.31857479688174,1.0,0.0,0.0,0.0,0.0,1.0,226,2023-01-10 10:00:00,0,58,8,312
128.0,0.6661911239081697,1.0,0.0,0.0,0.0,1.0,0.0,227,2023-01-10 11:00:00,0,1,10,155
348.0,2.2902539092479635,0.0,1.0,0.0,1.0,0.0,0.0,228,2023-01-10 12:00:00,0,1,9,358
249.3690851735016,5.4284931061340895,0.0,0.0,1.0,0.0,1.0,0.0,229,2023-01-10 13:00:00,0,91,2,89
231.0,4.315281431364426,1.0,0.0,0.0,1.0,0.0,0.0,230,2023-01-10 14:00:00,0,53,9,301
190.0,3.328157859124843,0.0,0.0,1.0,0.0,0.0,1.0,231,2023-01-10 15:00:00,0,86,6,338
225.0,7.305491368093015,1.0,0.0,0.0,1.0,0.0,0.0,232,2023-01-10 16:00:00,0,100,2,293
385.0,6.937176074033385,0.0,1.0,0.0,1.0,0.0,0.0,233,2023-01-10 17:00:00,0,95,5,24
377.0,1.6673075999338316,1.0,0.0,0.0,0.0,1.0,0.0,234,2023-01-10 18:00:00,0,96,2,47
283.0,8.786291153734382,0.0,1.0,0.0,0.0,1.0,0.0,235,2023-01-10 19:00:00,0,0,2,42
249.3690851735016,4.954236264039657,1.0,0.0,0.0,1.0,0.0,0.0,236,2023-01-10 20:00:00,1,18,9,89
121.0,7.414609111390455,0.0,1.0,0.0,0.0,0.0,1.0,237,2023-01-10 21:00:00,0,1,1,108
116.0,5.731508492573887,0.0,1.0,0.0,0.0,0.0,1.0,238,2023-01-10 22:00:00,0,52,2,150
461.0,9.976926159238433,0.0,1.0,0.0,0.0,1.0,0.0,239,2023-01-10 23:00:00,0,43,2,298
233.0,7.524031200388227,0.0,1.0,0.0,0.0,0.0,1.0,240,2023-01-11 00:00:00,0,89,4,51
259.0,7.069804612434591,0.0,0.0,1.0,0.0,1.0,0.0,241,2023-01-11 01:00:00,0,31,9,354
359.0,7.785719390507511,0.0,1.0,0.0,0.0,0.0,1.0,242,2023-01-11 02:00:00,0,69,5,143
198.0,1.4312798554846962,0.0,0.0,1.0,1.0,0.0,0.0,243,2023-01-11 03:00:00,0,31,4,0
456.0,2.0454459316946325,0.0,0.0,1.0,0.0,1.0,0.0,244,2023-01-11 04:00:00,0,67,9,19
411.0,7.140640822236142,0.0,1.0,0.0,0.0,1.0,0.0,245,2023-01-11 05:00:00,1,54,8,132
137.0,4.939814871308626,0.0,0.0,1.0,1.0,0.0,0.0,246,2023-01-11 06:00:00,0,74,3,200
318.0,7.546352918601165,1.0,0.0,0.0,0.0,1.0,0.0,247,2023-01-11 07:00:00,0,55,3,8
165.0,1.0291603074414502,0.0,1.0,0.0,0.0,0.0,1.0,248,2023-01-11 08:00:00,0,16,8,307
225.0,5.364813514845947,0.0,0.0,1.0,0.0,0.0,1.0,249,2023-01-11 09:00:00,0,37,2,362
307.0,3.788215655569157,0.0,1.0,0.0,0.0,1.0,0.0,250,2023-01-11 10:00:00,1,23,6,158
234.0,4.570002192816784,0.0,1.0,0.0,0.0,0.0,1.0,251,2023-01-11 11:00:00,0,68,1,251
172.0,6.039578720725125,0.0,1.0,0.0,0.0,1.0,0.0,252,2023-01-11 12:00:00,0,97,5,278
152.0,5.022883474625301,0.0,0.0,1.0,1.0,0.0,0.0,253,2023-01-11 13:00:00,0,69,3,321
463.0,5.398606371128367,1.0,0.0,0.0,0.0,1.0,0.0,254,2023-01-11 14:00:00,0,85,7,292
315.0,4.863574819956078,1.0,0.0,0.0,1.0,0.0,0.0,255,2023-01-11 15:00:00,0,10,4,2
374.0,4.089551770854932,0.0,0.0,1.0,0.0,0.0,1.0,256,2023-01-11 16:00:00,0,15,6,147
160.0,7.71881980598245,0.0,1.0,0.0,1.0,0.0,0.0,257,2023-01-11 17:00:00,0,96,8,318
96.0,0.1220307231804451,0.0,0.0,1.0,0.0,0.0,1.0,258,2023-01-11 18:00:00,0,72,9,349
472.0,5.984427012052271,0.0,0.0,1.0,0.0,1.0,0.0,259,2023-01-11 19:00:00,0,58,10,193
233.0,5.655083473229738,0.0,0.0,1.0,0.0,0.0,1.0,260,2023-01-11 20:00:00,0,69,9,163
180.0,7.161790747329522,0.0,1.0,0.0,0.0,1.0,0.0,261,2023-01-11 21:00:00,0,79,10,168
113.0,5.990293647773265,0.0,0.0,1.0,0.0,1.0,0.0,262,2023-01-11 22:00:00,0,92,3,223
318.0,8.267988278090783,0.0,1.0,0.0,1.0,0.0,0.0,263,2023-01-11 23:00:00,0,2,9,199
497.0,9.590747945640278,0.0,0.0,1.0,1.0,0.0,0.0,264,2023-01-12 00:00:00,0,19,9,126
442.0,3.425242571785434,1.0,0.0,0.0,1.0,0.0,0.0,265,2023-01-12 01:00:00,0,58,5,54
52.0,2.2735098302998704,0.0,0.0,1.0,1.0,0.0,0.0,266,2023-01-12 02:00:00,1,35,10,25
268.0,4.235968624204829,0.0,0.0,1.0,0.0,0.0,1.0,267,2023-01-12 03:00:00,0,18,8,278
295.0,2.879296164757261,1.0,0.0,0.0,0.0,0.0,1.0,268,2023-01-12 04:00:00,0,89,5,304
386.0,6.149502631526545,0.0,1.0,0.0,0.0,0.0,1.0,269,2023-01-12 05:00:00,0,66,3,97
387.0,9.118524088429648,0.0,1.0,0.0,0.0,1.0,0.0,270,2023-01-12 06:00:00,0,18,9,77
113.0,1.3911619414306189,0.0,0.0,1.0,0.0,0.0,1.0,271,2023-01-12 07:00:00,0,19,9,29
101.0,1.007946030158865,1.0,0.0,0.0,0.0,0.0,1.0,272,2023-01-12 08:00:00,0,95,8,167
113.0,2.560155318536622,0.0,1.0,0.0,0.0,0.0,1.0,273,2023-01-12 09:00:00,0,70,9,26
440.0,7.260955860624008,0.0,0.0,1.0,1.0,0.0,0.0,274,2023-01-12 10:00:00,1,51,10,251
81.0,5.929629052588216,1.0,0.0,0.0,0.0,0.0,1.0,275,2023-01-12 11:00:00,0,32,1,331
187.0,1.022126642251996,0.0,1.0,0.0,0.0,1.0,0.0,276,2023-01-12 12:00:00,0,39,8,323
113.0,9.187505222607465,0.0,1.0,0.0,1.0,0.0,0.0,277,2023-01-12 13:00:00,0,38,8,178
2.0,7.900846371240867,1.0,0.0,0.0,0.0,1.0,0.0,278,2023-01-12 14:00:00,0,81,6,142
130.0,0.2302260478763751,1.0,0.0,0.0,0.0,0.0,1.0,279,2023-01-12 15:00:00,0,0,7,337
220.0,6.513672109882461,1.0,0.0,0.0,1.0,0.0,0.0,280,2023-01-12 16:00:00,0,10,10,160
54.0,7.71246668519738,1.0,0.0,0.0,0.0,1.0,0.0,281,2023-01-12 17:00:00,0,91,6,1
343.0,3.74435369720422,0.0,0.0,1.0,0.0,0.0,1.0,282,2023-01-12 18:00:00,0,56,8,95
249.3690851735016,0.6892153936721879,1.0,0.0,0.0,0.0,1.0,0.0,283,2023-01-12 19:00:00,0,88,7,154
224.0,0.7732106548878726,0.0,1.0,0.0,0.0,1.0,0.0,284,2023-01-12 20:00:00,0,49,2,205
225.0,1.042469660518095,0.0,1.0,0.0,0.0,1.0,0.0,285,2023-01-12 21:00:00,0,22,1,200
249.3690851735016,8.40439631980423,0.0,0.0,1.0,0.0,0.0,1.0,286,2023-01-12 22:00:00,0,30,7,94
403.0,9.106861982557133,0.0,1.0,0.0,0.0,0.0,1.0,287,2023-01-12 23:00:00,0,93,2,277
126.0,1.228107818457338,0.0,1.0,0.0,0.0,1.0,0.0,288,2023-01-13 00:00:00,0,41,1,268
130.0,2.359060345950812,1.0,0.0,0.0,1.0,0.0,0.0,289,2023-01-13 01:00:00,0,98,7,177
53.0,1.6552051036728976,0.0,1.0,0.0,1.0,0.0,0.0,290,2023-01-13 02:00:00,0,6,9,84
172.0,1.8632087949412068,0.0,0.0,1.0,0.0,0.0,1.0,291,2023-01-13 03:00:00,0,15,6,183
218.0,8.374907890024922,1.0,0.0,0.0,0.0,0.0,1.0,292,2023-01-13 04:00:00,0,89,1,317
160.0,3.3214641265493894,1.0,0.0,0.0,0.0,0.0,1.0,293,2023-01-13 05:00:00,0,59,5,183
198.0,3.114442640456412,0.0,0.0,1.0,0.0,0.0,1.0,294,2023-01-13 06:00:00,0,1,2,362
416.0,2.2739562087711263,1.0,0.0,0.0,0.0,0.0,1.0,295,2023-01-13 07:00:00,0,0,9,155
247.0,6.0789439379425865,1.0,0.0,0.0,1.0,0.0,0.0,296,2023-01-13 08:00:00,0,47,3,300
324.0,3.7930569838554886,0.0,0.0,1.0,0.0,0.0,1.0,297,2023-01-13 09:00:00,0,11,6,70
439.0,7.442496518432888,1.0,0.0,0.0,0.0,1.0,0.0,298,2023-01-13 10:00:00,0,68,10,163
203.0,2.055798083756375,0.0,0.0,1.0,0.0,1.0,0.0,299,2023-01-13 11:00:00,0,36,7,356
184.0,7.877898887144924,0.0,0.0,1.0,1.0,0.0,0.0,300,2023-01-13 12:00:00,1,31,2,178
123.0,6.03721531730139,0.0,1.0,0.0,0.0,1.0,0.0,301,2023-01-13 13:00:00,0,8,7,23
401.0,1.1426730005568777,0.0,1.0,0.0,1.0,0.0,0.0,302,2023-01-13 14:00:00,0,98,7,362
255.0,4.145045842036277,1.0,0.0,0.0,1.0,0.0,0.0,303,2023-01-13 15:00:00,0,18,1,20
294.0,8.63518140612957,1.0,0.0,0.0,0.0,1.0,0.0,304,2023-01-13 16:00:00,1,47,7,6
280.0,9.229602317984847,0.0,0.0,1.0,0.0,0.0,1.0,305,2023-01-13 17:00:00,0,79,8,255
325.0,4.657001223188132,1.0,0.0,0.0,0.0,1.0,0.0,306,2023-01-13 18:00:00,0,2,7,249
372.0,4.808369780890736,0.0,0.0,1.0,0.0,1.0,0.0,307,2023-01-13 19:00:00,0,19,9,119
98.0,9.184547249393011,0.0,0.0,1.0,1.0,0.0,0.0,308,2023-01-13 20:00:00,0,23,10,28
198.0,5.870682241365673,1.0,0.0,0.0,0.0,1.0,0.0,309,2023-01-13 21:00:00,0,53,10,291
470.0,0.3284667024343835,0.0,0.0,1.0,1.0,0.0,0.0,310,2023-01-13 22:00:00,0,32,2,259
395.0,9.127494628791288,0.0,1.0,0.0,0.0,0.0,1.0,311,2023-01-13 23:00:00,1,23,3,13
249.3690851735016,2.482264427571519,1.0,0.0,0.0,0.0,0.0,1.0,312,2023-01-14 00:00:00,0,74,4,326
144.0,5.776319540915472,0.0,1.0,0.0,0.0,0.0,1.0,313,2023-01-14 01:00:00,0,71,4,39
97.0,1.6551331742797382,1.0,0.0,0.0,0.0,1.0,0.0,314,2023-01-14 02:00:00,0,35,4,52
201.0,0.3387916024659498,0.0,0.0,1.0,1.0,0.0,0.0,315,2023-01-14 03:00:00,0,37,5,221
124.0,3.114731711327574,1.0,0.0,0.0,0.0,0.0,1.0,316,2023-01-14 04:00:00,0,83,10,169
187.0,7.804957075460877,0.0,1.0,0.0,1.0,0.0,0.0,317,2023-01-14 05:00:00,0,98,5,126
326.0,2.775871726294181,0.0,0.0,1.0,1.0,0.0,0.0,318,2023-01-14 06:00:00,0,88,10,105
464.0,2.2009721408109706,1.0,0.0,0.0,0.0,0.0,1.0,319,2023-01-14 07:00:00,0,98,3,174
349.0,2.126807843412263,1.0,0.0,0.0,0.0,0.0,1.0,320,2023-01-14 08:00:00,0,24,10,89
259.0,5.151736824068126,1.0,0.0,0.0,1.0,0.0,0.0,321,2023-01-14 09:00:00,0,92,2,189
148.0,9.755413156827563,0.0,1.0,0.0,0.0,0.0,1.0,322,2023-01-14 10:00:00,0,17,10,136
252.0,4.58988988017013,0.0,1.0,0.0,1.0,0.0,0.0,323,2023-01-14 11:00:00,0,81,2,255
443.0,5.573053688900479,1.0,0.0,0.0,1.0,0.0,0.0,324,2023-01-14 12:00:00,0,65,3,208
420.0,8.606320178907339,0.0,0.0,1.0,0.0,0.0,1.0,325,2023-01-14 13:00:00,0,53,5,248
403.0,5.350697189336586,0.0,0.0,1.0,0.0,1.0,0.0,326,2023-01-14 14:00:00,0,34,9,111
346.0,1.844628714188561,0.0,1.0,0.0,0.0,0.0,1.0,327,2023-01-14 15:00:00,1,79,8,361
451.0,2.9959591176647704,0.0,0.0,1.0,0.0,1.0,0.0,328,2023-01-14 16:00:00,0,60,4,310
147.0,3.099369262686109,0.0,1.0,0.0,1.0,0.0,0.0,329,2023-01-14 17:00:00,0,40,8,128
148.0,3.973181154575979,1.0,0.0,0.0,1.0,0.0,0.0,330,2023-01-14 18:00:00,0,99,4,111
352.0,4.267889053367494,0.0,1.0,0.0,0.0,1.0,0.0,331,2023-01-14 19:00:00,0,32,3,148
199.0,7.997820220742694,0.0,1.0,0.0,1.0,0.0,0.0,332,2023-01-14 20:00:00,0,67,2,34
308.0,3.49386999049333,1.0,0.0,0.0,0.0,1.0,0.0,333,2023-01-14 21:00:00,0,32,4,28
489.0,4.682318284413793,0.0,0.0,1.0,0.0,1.0,0.0,334,2023-01-14 22:00:00,0,13,4,125
417.0,6.249759870510523,0.0,1.0,0.0,1.0,0.0,0.0,335,2023-01-14 23:00:00,0,20,2,224
424.0,3.777259474401693,0.0,1.0,0.0,0.0,1.0,0.0,336,2023-01-15 00:00:00,0,47,9,325
128.0,8.36564813292333,1.0,0.0,0.0,0.0,0.0,1.0,337,2023-01-15 01:00:00,0,19,4,142
39.0,5.874536042340743,0.0,0.0,1.0,0.0,0.0,1.0,338,2023-01-15 02:00:00,0,7,2,27
338.0,2.9404467922097157,0.0,1.0,0.0,1.0,0.0,0.0,339,2023-01-15 03:00:00,0,6,4,290
360.0,7.140591997898282,1.0,0.0,0.0,1.0,0.0,0.0,340,2023-01-15 04:00:00,0,66,9,322
129.0,5.2764773014478585,0.0,1.0,0.0,0.0,1.0,0.0,341,2023-01-15 05:00:00,0,16,1,211
267.0,5.344558912572469,1.0,0.0,0.0,0.0,1.0,0.0,342,2023-01-15 06:00:00,0,32,3,228
476.0,4.810879483875859,0.0,0.0,1.0,0.0,1.0,0.0,343,2023-01-15 07:00:00,0,47,1,62
441.0,4.9701194882124895,0.0,0.0,1.0,0.0,1.0,0.0,344,2023-01-15 08:00:00,0,75,2,247
473.0,7.6535628106624065,0.0,0.0,1.0,0.0,0.0,1.0,345,2023-01-15 09:00:00,0,58,2,203
434.0,1.0298147933131552,0.0,0.0,1.0,0.0,0.0,1.0,346,2023-01-15 10:00:00,0,85,5,58
151.0,3.3436281131048218,0.0,1.0,0.0,1.0,0.0,0.0,347,2023-01-15 11:00:00,0,21,4,90
415.0,0.7550336380388922,0.0,1.0,0.0,0.0,1.0,0.0,348,2023-01-15 12:00:00,0,29,2,24
478.0,7.5324622074745085,0.0,1.0,0.0,0.0,1.0,0.0,349,2023-01-15 13:00:00,0,37,4,287
298.0,2.723018547202994,0.0,0.0,1.0,1.0,0.0,0.0,350,2023-01-15 14:00:00,0,50,4,364
99.0,8.974304098188842,0.0,0.0,1.0,0.0,1.0,0.0,351,2023-01-15 15:00:00,0,53,4,186
263.0,5.265784666592937,0.0,1.0,0.0,0.0,1.0,0.0,352,2023-01-15 16:00:00,0,7,8,292
252.0,8.007497714861211,0.0,0.0,1.0,0.0,1.0,0.0,353,2023-01-15 17:00:00,0,26,3,146
144.0,9.789314356159611,0.0,0.0,1.0,0.0,1.0,0.0,354,2023-01-15 18:00:00,0,26,7,187
346.0,8.397888594565705,0.0,0.0,1.0,0.0,1.0,0.0,355,2023-01-15 19:00:00,0,97,7,182
112.0,8.669937600115235,1.0,0.0,0.0,1.0,0.0,0.0,356,2023-01-15 20:00:00,0,20,10,108
60.0,4.079844953648447,0.0,0.0,1.0,0.0,1.0,0.0,357,2023-01-15 21:00:00,0,29,10,328
369.0,5.517225952593398,1.0,0.0,0.0,1.0,0.0,0.0,358,2023-01-15 22:00:00,0,96,9,179
2.0,2.538885640433043,1.0,0.0,0.0,0.0,1.0,0.0,359,2023-01-15 23:00:00,0,27,10,348
385.0,1.961130996934528,0.0,0.0,1.0,0.0,0.0,1.0,360,2023-01-16 00:00:00,0,63,5,15
304.0,5.055078791060338,1.0,0.0,0.0,0.0,0.0,1.0,361,2023-01-16 01:00:00,0,96,9,94
254.0,5.950489797004206,0.0,0.0,1.0,0.0,0.0,1.0,362,2023-01-16 02:00:00,0,68,10,158
140.0,3.3927124589619098,0.0,1.0,0.0,0.0,0.0,1.0,363,2023-01-16 03:00:00,0,60,4,257
453.0,5.694435177635003,0.0,1.0,0.0,1.0,0.0,0.0,364,2023-01-16 04:00:00,0,47,2,48
37.0,8.87460482513503,0.0,1.0,0.0,1.0,0.0,0.0,365,2023-01-16 05:00:00,0,18,7,57
160.0,5.567215847833661,0.0,1.0,0.0,0.0,1.0,0.0,366,2023-01-16 06:00:00,0,3,6,41
9.0,7.208130963105066,1.0,0.0,0.0,0.0,0.0,1.0,367,2023-01-16 07:00:00,1,34,9,73
233.0,8.053149673579052,0.0,0.0,1.0,1.0,0.0,0.0,368,2023-01-16 08:00:00,0,63,3,264
99.0,9.887287819554428,0.0,0.0,1.0,0.0,1.0,0.0,369,2023-01-16 09:00:00,0,48,5,271
249.3690851735016,6.031974021769796,0.0,0.0,1.0,0.0,1.0,0.0,370,2023-01-16 10:00:00,0,16,2,9
304.0,8.06850148962586,0.0,1.0,0.0,1.0,0.0,0.0,371,2023-01-16 11:00:00,0,43,3,273
208.0,9.626493185548746,0.0,1.0,0.0,0.0,0.0,1.0,372,2023-01-16 12:00:00,0,91,3,306
131.0,9.444097255772734,0.0,0.0,1.0,0.0,1.0,0.0,373,2023-01-16 13:00:00,0,29,10,289
404.0,1.4108184877771357,0.0,1.0,0.0,0.0,0.0,1.0,374,2023-01-16 14:00:00,0,92,2,258
152.0,4.06392308273522,0.0,1.0,0.0,0.0,0.0,1.0,375,2023-01-16 15:00:00,0,45,1,13
54.0,3.239900611067996,0.0,0.0,1.0,0.0,0.0,1.0,376,2023-01-16 16:00:00,0,5,8,333
120.0,0.8692501495034932,0.0,0.0,1.0,0.0,1.0,0.0,377,2023-01-16 17:00:00,0,98,4,75
161.0,6.332407749109605,0.0,0.0,1.0,0.0,0.0,1.0,378,2023-01-16 18:00:00,0,36,5,363
408.0,7.359046131960023,0.0,0.0,1.0,0.0,1.0,0.0,379,2023-01-16 19:00:00,1,23,1,259
116.0,8.481280954668835,0.0,0.0,1.0,0.0,0.0,1.0,380,2023-01-16 20:00:00,0,92,6,128
249.3690851735016,1.227768896627085,0.0,0.0,1.0,0.0,1.0,0.0,381,2023-01-16 21:00:00,0,45,6,258
113.0,8.764440758752938,0.0,1.0,0.0,0.0,0.0,1.0,382,2023-01-16 22:00:00,1,52,4,186
456.0,6.429255636142532,0.0,0.0,1.0,1.0,0.0,0.0,383,2023-01-16 23:00:00,0,94,5,79
420.0,7.039461351385095,0.0,0.0,1.0,0.0,0.0,1.0,384,2023-01-17 00:00:00,1,98,7,201
422.0,9.10624003540304,0.0,1.0,0.0,0.0,0.0,1.0,385,2023-01-17 01:00:00,0,59,1,14
104.0,6.247612710432511,0.0,1.0,0.0,0.0,1.0,0.0,386,2023-01-17 02:00:00,0,96,3,333
249.3690851735016,3.358658571498351,0.0,1.0,0.0,0.0,1.0,0.0,387,2023-01-17 03:00:00,0,62,5,55
254.0,8.251073314226598,0.0,0.0,1.0,0.0,0.0,1.0,388,2023-01-17 04:00:00,0,84,3,261
227.0,3.6305921219509054,1.0,0.0,0.0,1.0,0.0,0.0,389,2023-01-17 05:00:00,0,31,5,228
112.0,0.3422811082052912,1.0,0.0,0.0,1.0,0.0,0.0,390,2023-01-17 06:00:00,1,86,8,12
473.0,8.306545065652497,0.0,1.0,0.0,0.0,1.0,0.0,391,2023-01-17 07:00:00,0,32,8,205
99.0,3.451921448812756,1.0,0.0,0.0,1.0,0.0,0.0,392,2023-01-17 08:00:00,0,66,10,318
153.0,7.738345232013403,0.0,1.0,0.0,0.0,0.0,1.0,393,2023-01-17 09:00:00,0,17,3,330
349.0,3.627578946659455,0.0,0.0,1.0,0.0,1.0,0.0,394,2023-01-17 10:00:00,0,24,9,155
402.0,8.610680199747216,1.0,0.0,0.0,0.0,0.0,1.0,395,2023-01-17 11:00:00,0,94,4,364
384.0,2.195105250809587,0.0,0.0,1.0,0.0,1.0,0.0,396,2023-01-17 12:00:00,0,53,8,89
366.0,9.7454726519887,1.0,0.0,0.0,0.0,1.0,0.0,397,2023-01-17 13:00:00,0,57,8,193
338.0,7.797587747880308,0.0,0.0,1.0,0.0,1.0,0.0,398,2023-01-17 14:00:00,0,66,2,267
194.0,1.1423792592039683,1.0,0.0,0.0,0.0,1.0,0.0,399,2023-01-17 15:00:00,0,45,9,98
310.0,5.657766199665605,0.0,1.0,0.0,1.0,0.0,0.0,400,2023-01-17 16:00:00,0,23,1,95
163.0,9.853673122417346,0.0,0.0,1.0,0.0,0.0,1.0,401,2023-01-17 17:00:00,0,31,7,96
208.0,4.710654526938144,1.0,0.0,0.0,0.0,0.0,1.0,402,2023-01-17 18:00:00,0,46,4,17
445.0,1.8210713882158325,0.0,0.0,1.0,0.0,0.0,1.0,403,2023-01-17 19:00:00,0,85,3,140
169.0,4.8477836715034615,0.0,0.0,1.0,0.0,1.0,0.0,404,2023-01-17 20:00:00,0,22,1,255
484.0,5.124576558819216,0.0,0.0,1.0,1.0,0.0,0.0,405,2023-01-17 21:00:00,0,65,10,152
161.0,7.416869442286655,1.0,0.0,0.0,0.0,0.0,1.0,406,2023-01-17 22:00:00,0,26,8,44
68.0,6.988458531609044,1.0,0.0,0.0,1.0,0.0,0.0,407,2023-01-17 23:00:00,0,1,6,253
289.0,4.025500435969805,0.0,0.0,1.0,0.0,1.0,0.0,408,2023-01-18 00:00:00,0,89,1,218
398.0,2.180231074940865,0.0,0.0,1.0,0.0,0.0,1.0,409,2023-01-18 01:00:00,0,16,8,166
277.0,6.450541677693295,1.0,0.0,0.0,1.0,0.0,0.0,410,2023-01-18 02:00:00,0,32,6,17
304.0,4.217039345532818,1.0,0.0,0.0,0.0,1.0,0.0,411,2023-01-18 03:00:00,0,8,2,264
404.0,1.322762111253304,0.0,0.0,1.0,1.0,0.0,0.0,412,2023-01-18 04:00:00,0,42,1,359
384.0,9.005723012363857,0.0,0.0,1.0,0.0,0.0,1.0,413,2023-01-18 05:00:00,0,47,1,321
392.0,6.912218576096544,0.0,0.0,1.0,0.0,0.0,1.0,414,2023-01-18 06:00:00,0,38,9,249
135.0,6.831838564454814,0.0,1.0,0.0,0.0,1.0,0.0,415,2023-01-18 07:00:00,0,92,7,276
195.0,8.225838759116739,1.0,0.0,0.0,0.0,1.0,0.0,416,2023-01-18 08:00:00,0,41,6,147
401.0,5.2966167865508105,0.0,1.0,0.0,0.0,1.0,0.0,417,2023-01-18 09:00:00,0,25,7,339
128.0,8.150544284024571,1.0,0.0,0.0,1.0,0.0,0.0,418,2023-01-18 10:00:00,0,98,7,156
33.0,4.980907535110058,1.0,0.0,0.0,1.0,0.0,0.0,419,2023-01-18 11:00:00,0,49,3,4
176.0,0.6717539991571009,1.0,0.0,0.0,1.0,0.0,0.0,420,2023-01-18 12:00:00,0,24,7,263
460.0,4.052480880276887,1.0,0.0,0.0,0.0,1.0,0.0,421,2023-01-18 13:00:00,0,23,8,171
249.3690851735016,4.9746489397989055,1.0,0.0,0.0,0.0,0.0,1.0,422,2023-01-18 14:00:00,0,12,6,217
371.0,7.202025816322958,0.0,1.0,0.0,0.0,0.0,1.0,423,2023-01-18 15:00:00,0,59,6,168
470.0,1.0657873012867436,1.0,0.0,0.0,1.0,0.0,0.0,424,2023-01-18 16:00:00,0,6,1,310
375.0,1.40018538660449,0.0,1.0,0.0,1.0,0.0,0.0,425,2023-01-18 17:00:00,1,56,3,275
22.0,2.6368380263461644,0.0,0.0,1.0,0.0,0.0,1.0,426,2023-01-18 18:00:00,0,35,2,26
238.0,2.664983933708822,0.0,0.0,1.0,0.0,0.0,1.0,427,2023-01-18 19:00:00,0,44,5,360
249.3690851735016,7.321845784590623,0.0,1.0,0.0,1.0,0.0,0.0,428,2023-01-18 20:00:00,1,19,1,240
38.0,2.5073066056159776,0.0,1.0,0.0,1.0,0.0,0.0,429,2023-01-18 21:00:00,0,64,8,337
230.0,6.330980633574476,0.0,1.0,0.0,0.0,0.0,1.0,430,2023-01-18 22:00:00,1,7,8,32
365.0,4.942738501382714,0.0,1.0,0.0,0.0,1.0,0.0,431,2023-01-18 23:00:00,0,15,1,65
51.0,5.732943781794006,1.0,0.0,0.0,1.0,0.0,0.0,432,2023-01-19 00:00:00,0,13,2,210
438.0,8.381069631782958,0.0,0.0,1.0,0.0,0.0,1.0,433,2023-01-19 01:00:00,0,75,7,304
264.0,4.043815015490243,1.0,0.0,0.0,0.0,0.0,1.0,434,2023-01-19 02:00:00,0,86,6,324
283.0,7.709113770642705,0.0,0.0,1.0,0.0,0.0,1.0,435,2023-01-19 03:00:00,0,14,10,72
27.0,4.2203605955068735,0.0,0.0,1.0,0.0,0.0,1.0,436,2023-01-19 04:00:00,0,91,5,336
226.0,3.5387137656124947,0.0,1.0,0.0,0.0,1.0,0.0,437,2023-01-19 05:00:00,0,97,2,124
277.0,9.586271773132204,1.0,0.0,0.0,0.0,0.0,1.0,438,2023-01-19 06:00:00,0,65,2,92
286.0,1.843709206789632,0.0,1.0,0.0,1.0,0.0,0.0,439,2023-01-19 07:00:00,0,31,10,293
97.0,0.9033696057760788,1.0,0.0,0.0,0.0,1.0,0.0,440,2023-01-19 08:00:00,0,86,8,351
284.0,7.709859255354785,0.0,0.0,1.0,0.0,0.0,1.0,441,2023-01-19 09:00:00,1,62,2,92
367.0,0.6824970535409158,0.0,1.0,0.0,0.0,1.0,0.0,442,2023-01-19 10:00:00,0,85,10,30
448.0,8.370789907030293,0.0,1.0,0.0,1.0,0.0,0.0,443,2023-01-19 11:00:00,0,50,4,319
481.0,4.371933963572436,0.0,0.0,1.0,0.0,0.0,1.0,444,2023-01-19 12:00:00,0,24,2,84
453.0,9.15513677291914,0.0,0.0,1.0,1.0,0.0,0.0,445,2023-01-19 13:00:00,0,57,2,60
317.0,7.215328611219056,0.0,1.0,0.0,0.0,0.0,1.0,446,2023-01-19 14:00:00,0,62,9,140
304.0,6.104046670079576,0.0,1.0,0.0,0.0,0.0,1.0,447,2023-01-19 15:00:00,0,61,4,318
147.0,9.493067970577656,1.0,0.0,0.0,0.0,0.0,1.0,448,2023-01-19 16:00:00,0,21,3,325
4.0,3.966493730520543,0.0,1.0,0.0,0.0,0.0,1.0,449,2023-01-19 17:00:00,0,57,3,12
35.0,9.54086936539633,1.0,0.0,0.0,0.0,0.0,1.0,450,2023-01-19 18:00:00,0,57,4,355
192.0,1.350012774212069,0.0,1.0,0.0,0.0,1.0,0.0,451,2023-01-19 19:00:00,0,85,6,149
49.0,4.837549419324128,0.0,1.0,0.0,0.0,0.0,1.0,452,2023-01-19 20:00:00,0,48,2,194
17.0,2.699112223921949,0.0,1.0,0.0,0.0,0.0,1.0,453,2023-01-19 21:00:00,0,51,5,210
172.0,5.398427789081934,1.0,0.0,0.0,0.0,1.0,0.0,454,2023-01-19 22:00:00,0,41,9,326
220.0,1.620138778915846,0.0,1.0,0.0,0.0,1.0,0.0,455,2023-01-19 23:00:00,0,69,1,111
158.0,8.415296603100433,0.0,1.0,0.0,0.0,1.0,0.0,456,2023-01-20 00:00:00,0,14,7,65
249.3690851735016,8.464078493145573,0.0,0.0,1.0,0.0,1.0,0.0,457,2023-01-20 01:00:00,0,53,3,184
46.0,9.55236312723479,0.0,0.0,1.0,0.0,1.0,0.0,458,2023-01-20 02:00:00,0,59,3,312
373.0,1.5467214088323622,1.0,0.0,0.0,0.0,1.0,0.0,459,2023-01-20 03:00:00,0,100,3,132
6.0,6.233325509049907,0.0,1.0,0.0,0.0,0.0,1.0,460,2023-01-20 04:00:00,0,96,2,31
99.0,4.742373087003696,1.0,0.0,0.0,0.0,0.0,1.0,461,2023-01-20 05:00:00,0,7,2,268
380.0,3.4438373204423325,0.0,1.0,0.0,1.0,0.0,0.0,462,2023-01-20 06:00:00,0,52,2,7
233.0,3.515401611342188,1.0,0.0,0.0,0.0,0.0,1.0,463,2023-01-20 07:00:00,0,59,10,72
37.0,4.127935506067523,0.0,0.0,1.0,0.0,0.0,1.0,464,2023-01-20 08:00:00,0,4,7,321
280.0,7.049255496889531,0.0,1.0,0.0,0.0,1.0,0.0,465,2023-01-20 09:00:00,0,67,6,349
349.0,5.982860582681546,1.0,0.0,0.0,0.0,1.0,0.0,466,2023-01-20 10:00:00,0,5,10,345
497.0,4.596815127611311,0.0,0.0,1.0,0.0,0.0,1.0,467,2023-01-20 11:00:00,0,95,9,169
302.0,0.7593341036962209,0.0,0.0,1.0,1.0,0.0,0.0,468,2023-01-20 12:00:00,0,93,3,154
181.0,0.7776534407895708,1.0,0.0,0.0,0.0,1.0,0.0,469,2023-01-20 13:00:00,0,46,2,361
95.0,0.0233939062577825,0.0,1.0,0.0,0.0,0.0,1.0,470,2023-01-20 14:00:00,0,98,10,240
99.0,9.676993882070864,0.0,1.0,0.0,0.0,0.0,1.0,471,2023-01-20 15:00:00,0,54,7,322
188.0,0.0525381855838491,0.0,0.0,1.0,1.0,0.0,0.0,472,2023-01-20 16:00:00,0,39,2,300
481.0,1.0309374601374488,0.0,1.0,0.0,1.0,0.0,0.0,473,2023-01-20 17:00:00,0,51,9,51
116.0,3.145965568094109,0.0,1.0,0.0,0.0,1.0,0.0,474,2023-01-20 18:00:00,0,15,5,197
191.0,8.074302518167611,0.0,1.0,0.0,1.0,0.0,0.0,475,2023-01-20 19:00:00,0,12,5,213
253.0,9.620987857641175,0.0,0.0,1.0,0.0,0.0,1.0,476,2023-01-20 20:00:00,0,29,8,115
469.0,7.900135587918561,1.0,0.0,0.0,0.0,0.0,1.0,477,2023-01-20 21:00:00,0,18,6,91
416.0,6.905602324456406,0.0,1.0,0.0,1.0,0.0,0.0,478,2023-01-20 22:00:00,0,16,3,241
471.0,5.213006674135694,0.0,0.0,1.0,1.0,0.0,0.0,479,2023-01-20 23:00:00,0,62,2,184
161.0,0.8670521186218361,0.0,0.0,1.0,1.0,0.0,0.0,480,2023-01-21 00:00:00,0,18,9,234
256.0,9.581707930039304,1.0,0.0,0.0,1.0,0.0,0.0,481,2023-01-21 01:00:00,0,91,5,160
323.0,7.583924139456815,0.0,1.0,0.0,0.0,1.0,0.0,482,2023-01-21 02:00:00,0,57,9,249
128.0,6.389493853342618,0.0,1.0,0.0,1.0,0.0,0.0,483,2023-01-21 03:00:00,0,54,4,260
18.0,7.590358455388499,1.0,0.0,0.0,0.0,1.0,0.0,484,2023-01-21 04:00:00,0,89,3,16
281.0,7.241033292731386,1.0,0.0,0.0,0.0,0.0,1.0,485,2023-01-21 05:00:00,0,100,9,278
249.3690851735016,6.372315797894869,0.0,0.0,1.0,1.0,0.0,0.0,486,2023-01-21 06:00:00,0,89,4,93
223.0,9.805768001799882,0.0,0.0,1.0,0.0,1.0,0.0,487,2023-01-21 07:00:00,0,61,6,318
54.0,9.03363812636025,1.0,0.0,0.0,1.0,0.0,0.0,488,2023-01-21 08:00:00,1,22,10,168
58.0,6.4666491911716335,0.0,1.0,0.0,0.0,0.0,1.0,489,2023-01-21 09:00:00,0,8,9,60
323.0,6.931752114569248,0.0,0.0,1.0,0.0,0.0,1.0,490,2023-01-21 10:00:00,0,11,4,296
360.0,0.5159580665871,0.0,0.0,1.0,0.0,0.0,1.0,491,2023-01-21 11:00:00,0,0,8,358
174.0,6.699174645500392,0.0,1.0,0.0,1.0,0.0,0.0,492,2023-01-21 12:00:00,0,57,2,295
280.0,0.4416543771010017,0.0,1.0,0.0,1.0,0.0,0.0,493,2023-01-21 13:00:00,0,0,9,112
114.0,5.882637569699311,0.0,1.0,0.0,0.0,1.0,0.0,494,2023-01-21 14:00:00,0,33,7,30
288.0,9.993534995658347,0.0,1.0,0.0,0.0,0.0,1.0,495,2023-01-21 15:00:00,0,95,6,282
431.0,5.558065814371797,0.0,1.0,0.0,1.0,0.0,0.0,496,2023-01-21 16:00:00,0,47,5,220
342.0,4.732101180813334,1.0,0.0,0.0,0.0,0.0,1.0,497,2023-01-21 17:00:00,0,88,3,244
151.0,3.1285485650558758,1.0,0.0,0.0,0.0,0.0,1.0,498,2023-01-21 18:00:00,0,0,10,150
450.0,1.2052257878646444,1.0,0.0,0.0,0.0,1.0,0.0,499,2023-01-21 19:00:00,0,15,9,4
127.0,7.310236714582816,0.0,1.0,0.0,0.0,1.0,0.0,500,2023-01-21 20:00:00,0,60,2,341
155.0,1.9259902778563045,0.0,1.0,0.0,0.0,1.0,0.0,501,2023-01-21 21:00:00,0,63,2,280
490.0,1.1528202124728435,1.0,0.0,0.0,0.0,1.0,0.0,502,2023-01-21 22:00:00,0,62,7,360
249.3690851735016,4.2176265973051255,0.0,1.0,0.0,0.0,0.0,1.0,503,2023-01-21 23:00:00,0,68,1,75
474.0,7.953418379590974,0.0,1.0,0.0,0.0,1.0,0.0,504,2023-01-22 00:00:00,0,21,10,333
273.0,7.450645481202204,0.0,0.0,1.0,0.0,1.0,0.0,505,2023-01-22 01:00:00,1,92,1,287
104.0,0.5488261464647493,0.0,0.0,1.0,0.0,1.0,0.0,506,2023-01-22 02:00:00,0,66,10,33
417.0,4.551436850361561,0.0,1.0,0.0,0.0,1.0,0.0,507,2023-01-22 03:00:00,0,75,4,195
393.0,5.22434576071169,0.0,1.0,0.0,0.0,0.0,1.0,508,2023-01-22 04:00:00,0,25,7,361
299.0,6.445466506258222,0.0,0.0,1.0,0.0,1.0,0.0,509,2023-01-22 05:00:00,0,15,5,242
246.0,6.501673504432281,0.0,0.0,1.0,0.0,0.0,1.0,510,2023-01-22 06:00:00,0,50,4,170
176.0,3.646972494573059,1.0,0.0,0.0,1.0,0.0,0.0,511,2023-01-22 07:00:00,0,100,3,115
39.0,5.60677194003514,1.0,0.0,0.0,0.0,0.0,1.0,512,2023-01-22 08:00:00,0,85,1,216
477.0,4.810618838440864,0.0,1.0,0.0,0.0,0.0,1.0,513,2023-01-22 09:00:00,0,56,2,277
170.0,8.849983565232812,1.0,0.0,0.0,0.0,1.0,0.0,514,2023-01-22 10:00:00,0,28,6,162
247.0,5.302651326349002,1.0,0.0,0.0,1.0,0.0,0.0,515,2023-01-22 11:00:00,0,77,4,314
26.0,4.410321617481616,1.0,0.0,0.0,1.0,0.0,0.0,516,2023-01-22 12:00:00,0,91,8,320
355.0,4.044854496818507,1.0,0.0,0.0,1.0,0.0,0.0,517,2023-01-22 13:00:00,0,68,5,54
306.0,5.724277594334657,0.0,0.0,1.0,1.0,0.0,0.0,518,2023-01-22 14:00:00,0,46,6,242
409.0,8.039769794008976,0.0,1.0,0.0,0.0,0.0,1.0,519,2023-01-22 15:00:00,0,93,4,215
408.0,5.384014903807875,1.0,0.0,0.0,1.0,0.0,0.0,520,2023-01-22 16:00:00,0,61,8,34
13.0,6.616551750805416,0.0,0.0,1.0,0.0,0.0,1.0,521,2023-01-22 17:00:00,0,68,7,12
316.0,7.37855766906525,0.0,0.0,1.0,0.0,0.0,1.0,522,2023-01-22 18:00:00,0,75,7,121
391.0,5.201681098787319,0.0,0.0,1.0,0.0,0.0,1.0,523,2023-01-22 19:00:00,0,15,3,79
313.0,4.268170566548644,1.0,0.0,0.0,1.0,0.0,0.0,524,2023-01-22 20:00:00,0,89,9,269
36.0,8.766653778624494,1.0,0.0,0.0,0.0,1.0,0.0,525,2023-01-22 21:00:00,0,89,6,69
173.0,4.175060840278921,0.0,1.0,0.0,0.0,1.0,0.0,526,2023-01-22 22:00:00,0,47,8,161
20.0,4.619428505755876,1.0,0.0,0.0,1.0,0.0,0.0,527,2023-01-22 23:00:00,0,84,1,151
321.0,9.903413133417772,1.0,0.0,0.0,0.0,1.0,0.0,528,2023-01-23 00:00:00,0,38,7,343
264.0,0.0023752357588457,0.0,0.0,1.0,0.0,1.0,0.0,529,2023-01-23 01:00:00,1,99,4,144
494.0,1.854729095767225,0.0,1.0,0.0,0.0,0.0,1.0,530,2023-01-23 02:00:00,0,32,8,273
400.0,3.8396388991972574,1.0,0.0,0.0,0.0,0.0,1.0,531,2023-01-23 03:00:00,1,93,1,259
142.0,9.325899094252527,1.0,0.0,0.0,1.0,0.0,0.0,532,2023-01-23 04:00:00,1,100,3,45
460.0,0.7002970574747103,0.0,1.0,0.0,1.0,0.0,0.0,533,2023-01-23 05:00:00,0,22,8,312
371.0,0.0948543362849807,0.0,0.0,1.0,0.0,1.0,0.0,534,2023-01-23 06:00:00,0,9,5,133
471.0,0.5268383597722859,1.0,0.0,0.0,0.0,0.0,1.0,535,2023-01-23 07:00:00,0,68,4,302
143.0,0.8854341061361815,0.0,1.0,0.0,1.0,0.0,0.0,536,2023-01-23 08:00:00,0,99,3,150
92.0,0.3759677320626087,0.0,1.0,0.0,1.0,0.0,0.0,537,2023-01-23 09:00:00,0,33,5,101
354.0,4.797813268565047,0.0,0.0,1.0,1.0,0.0,0.0,538,2023-01-23 10:00:00,0,51,6,63
322.0,5.8075720722732775,0.0,0.0,1.0,1.0,0.0,0.0,539,2023-01-23 11:00:00,0,94,8,27
288.0,2.716869710690041,1.0,0.0,0.0,1.0,0.0,0.0,540,2023-01-23 12:00:00,1,9,3,113
215.0,3.982873839756356,0.0,0.0,1.0,1.0,0.0,0.0,541,2023-01-23 13:00:00,0,18,7,48
447.0,0.9169933511143014,1.0,0.0,0.0,0.0,1.0,0.0,542,2023-01-23 14:00:00,0,57,10,130
342.0,3.3637046382842204,0.0,1.0,0.0,0.0,0.0,1.0,543,2023-01-23 15:00:00,0,95,6,130
51.0,5.225191916345231,0.0,1.0,0.0,0.0,0.0,1.0,544,2023-01-23 16:00:00,0,0,7,16
153.0,7.3227180718464515,1.0,0.0,0.0,1.0,0.0,0.0,545,2023-01-23 17:00:00,0,68,1,26
186.0,0.0334636204297922,0.0,0.0,1.0,0.0,0.0,1.0,546,2023-01-23 18:00:00,0,3,10,77
63.0,4.673107665376525,0.0,1.0,0.0,0.0,0.0,1.0,547,2023-01-23 19:00:00,0,15,6,24
190.0,2.970028764548822,0.0,0.0,1.0,0.0,0.0,1.0,548,2023-01-23 20:00:00,0,23,7,56
125.0,8.528218216919013,0.0,1.0,0.0,1.0,0.0,0.0,549,2023-01-23 21:00:00,1,79,1,30
150.0,7.15553315234242,1.0,0.0,0.0,1.0,0.0,0.0,550,2023-01-23 22:00:00,0,1,1,103
314.0,5.891085344708948,1.0,0.0,0.0,0.0,0.0,1.0,551,2023-01-23 23:00:00,0,91,9,159
58.0,2.772656456967736,1.0,0.0,0.0,0.0,0.0,1.0,552,2023-01-24 00:00:00,0,31,6,224
342.0,9.103391020575344,0.0,1.0,0.0,1.0,0.0,0.0,553,2023-01-24 01:00:00,0,90,1,349
305.0,0.4510067722032318,0.0,0.0,1.0,0.0,1.0,0.0,554,2023-01-24 02:00:00,0,83,3,163
180.0,1.0946759867911515,0.0,0.0,1.0,0.0,0.0,1.0,555,2023-01-24 03:00:00,1,23,3,263
249.3690851735016,3.91630140540356,0.0,0.0,1.0,0.0,1.0,0.0,556,2023-01-24 04:00:00,0,11,5,302
326.0,1.2443755729685635,0.0,1.0,0.0,0.0,0.0,1.0,557,2023-01-24 05:00:00,0,49,8,285
271.0,9.56415697559425,0.0,1.0,0.0,0.0,1.0,0.0,558,2023-01-24 06:00:00,0,34,8,353
54.0,7.979893221433834,0.0,1.0,0.0,0.0,1.0,0.0,559,2023-01-24 07:00:00,0,32,9,110
491.0,2.5898265160181366,0.0,1.0,0.0,0.0,1.0,0.0,560,2023-01-24 08:00:00,0,32,6,134
444.0,5.885542289732454,0.0,1.0,0.0,1.0,0.0,0.0,561,2023-01-24 09:00:00,0,60,1,207
101.0,9.823305150800817,0.0,0.0,1.0,0.0,1.0,0.0,562,2023-01-24 10:00:00,0,50,2,95
481.0,8.841989781315029,0.0,1.0,0.0,0.0,1.0,0.0,563,2023-01-24 11:00:00,0,42,2,268
264.0,6.00798446442198,0.0,1.0,0.0,0.0,1.0,0.0,564,2023-01-24 12:00:00,0,100,2,2
53.0,9.037239671752705,0.0,0.0,1.0,0.0,0.0,1.0,565,2023-01-24 13:00:00,0,11,2,232
60.0,9.891849098133587,0.0,1.0,0.0,0.0,1.0,0.0,566,2023-01-24 14:00:00,0,66,2,195
492.0,7.433528228936241,0.0,0.0,1.0,0.0,0.0,1.0,567,2023-01-24 15:00:00,0,64,10,313
108.0,0.6498640948289403,0.0,0.0,1.0,0.0,1.0,0.0,568,2023-01-24 16:00:00,0,32,10,69
5.0,4.015802364254874,1.0,0.0,0.0,0.0,1.0,0.0,569,2023-01-24 17:00:00,0,39,6,109
103.0,8.378257352832454,1.0,0.0,0.0,1.0,0.0,0.0,570,2023-01-24 18:00:00,0,73,2,42
249.3690851735016,2.30569195805019,1.0,0.0,0.0,0.0,0.0,1.0,571,2023-01-24 19:00:00,0,42,9,176
262.0,8.306425177506245,1.0,0.0,0.0,0.0,1.0,0.0,572,2023-01-24 20:00:00,0,43,1,349
365.0,1.2033876203499594,0.0,1.0,0.0,0.0,0.0,1.0,573,2023-01-24 21:00:00,0,28,1,220
480.0,0.46945357147813,1.0,0.0,0.0,0.0,0.0,1.0,574,2023-01-24 22:00:00,0,12,6,102
372.0,3.840906114912496,0.0,0.0,1.0,1.0,0.0,0.0,575,2023-01-24 23:00:00,0,11,8,160
350.0,0.3673193742661362,0.0,1.0,0.0,1.0,0.0,0.0,576,2023-01-25 00:00:00,1,94,9,21
47.0,9.572702629833255,1.0,0.0,0.0,1.0,0.0,0.0,577,2023-01-25 01:00:00,0,45,9,329
355.0,8.26205695793966,0.0,0.0,1.0,1.0,0.0,0.0,578,2023-01-25 02:00:00,1,1,3,305
311.0,8.007696871298752,0.0,1.0,0.0,1.0,0.0,0.0,579,2023-01-25 03:00:00,0,34,5,365
424.0,6.297779229961531,0.0,1.0,0.0,1.0,0.0,0.0,580,2023-01-25 04:00:00,0,86,8,156
308.0,2.163240230365535,1.0,0.0,0.0,1.0,0.0,0.0,581,2023-01-25 05:00:00,0,80,1,220
249.3690851735016,5.182603666763922,0.0,1.0,0.0,1.0,0.0,0.0,582,2023-01-25 06:00:00,0,89,7,138
269.0,5.97274072430341,0.0,0.0,1.0,0.0,1.0,0.0,583,2023-01-25 07:00:00,1,7,6,274
370.0,5.250315008602682,0.0,1.0,0.0,0.0,0.0,1.0,584,2023-01-25 08:00:00,0,92,3,45
124.0,2.602333679515273,0.0,0.0,1.0,1.0,0.0,0.0,585,2023-01-25 09:00:00,0,25,6,165
106.0,5.152479243147258,0.0,1.0,0.0,1.0,0.0,0.0,586,2023-01-25 10:00:00,0,73,2,338
158.0,4.911863408686266,1.0,0.0,0.0,0.0,0.0,1.0,587,2023-01-25 11:00:00,1,89,5,214
147.0,9.963357758067245,0.0,0.0,1.0,0.0,1.0,0.0,588,2023-01-25 12:00:00,0,33,2,349
145.0,8.974361480462038,0.0,1.0,0.0,0.0,0.0,1.0,589,2023-01-25 13:00:00,0,6,8,76
120.0,4.633807482156199,0.0,1.0,0.0,0.0,0.0,1.0,590,2023-01-25 14:00:00,0,67,10,322
319.0,6.229373829351187,0.0,1.0,0.0,1.0,0.0,0.0,591,2023-01-25 15:00:00,0,57,3,43
275.0,7.478716040922285,0.0,0.0,1.0,0.0,0.0,1.0,592,2023-01-25 16:00:00,0,74,5,295
92.0,0.3486516023382491,0.0,0.0,1.0,0.0,0.0,1.0,593,2023-01-25 17:00:00,0,28,10,9
58.0,8.9492144122784,0.0,0.0,1.0,1.0,0.0,0.0,594,2023-01-25 18:00:00,0,35,10,70
439.0,8.601268164179238,1.0,0.0,0.0,1.0,0.0,0.0,595,2023-01-25 19:00:00,0,88,4,351
346.0,4.574320977737073,1.0,0.0,0.0,1.0,0.0,0.0,596,2023-01-25 20:00:00,0,20,3,89
229.0,3.9116976608037977,0.0,0.0,1.0,1.0,0.0,0.0,597,2023-01-25 21:00:00,1,35,4,188
474.0,2.7295937485631496,0.0,1.0,0.0,0.0,0.0,1.0,598,2023-01-25 22:00:00,0,9,4,105
117.0,4.766768283303684,1.0,0.0,0.0,0.0,0.0,1.0,599,2023-01-25 23:00:00,0,100,2,161
318.0,0.4437666353323677,0.0,0.0,1.0,0.0,1.0,0.0,600,2023-01-26 00:00:00,0,72,1,305
279.0,8.521935333470077,0.0,1.0,0.0,0.0,1.0,0.0,601,2023-01-26 01:00:00,0,23,7,93
127.0,0.3542236841854507,1.0,0.0,0.0,0.0,0.0,1.0,602,2023-01-26 02:00:00,0,63,3,317
393.0,3.29051365369871,0.0,1.0,0.0,0.0,1.0,0.0,603,2023-01-26 03:00:00,0,98,2,219
396.0,9.315894883189898,0.0,1.0,0.0,0.0,0.0,1.0,604,2023-01-26 04:00:00,0,48,3,265
129.0,7.352126545234528,0.0,1.0,0.0,0.0,1.0,0.0,605,2023-01-26 05:00:00,1,98,1,338
58.0,2.813909605775268,0.0,1.0,0.0,1.0,0.0,0.0,606,2023-01-26 06:00:00,0,35,3,321
122.0,2.526490939608851,0.0,1.0,0.0,0.0,1.0,0.0,607,2023-01-26 07:00:00,1,81,5,34
1.0,0.0508213981802596,1.0,0.0,0.0,1.0,0.0,0.0,608,2023-01-26 08:00:00,0,95,5,361
249.3690851735016,6.957142928497502,1.0,0.0,0.0,1.0,0.0,0.0,609,2023-01-26 09:00:00,0,23,4,55
290.0,0.4878358167317309,0.0,0.0,1.0,1.0,0.0,0.0,610,2023-01-26 10:00:00,0,22,8,87
96.0,5.326025194007621,1.0,0.0,0.0,1.0,0.0,0.0,611,2023-01-26 11:00:00,0,61,7,211
126.0,9.621219725920495,0.0,1.0,0.0,0.0,1.0,0.0,612,2023-01-26 12:00:00,0,95,4,292
118.0,1.0946886005445389,1.0,0.0,0.0,0.0,0.0,1.0,613,2023-01-26 13:00:00,0,36,2,84
48.0,8.944799309680674,0.0,1.0,0.0,1.0,0.0,0.0,614,2023-01-26 14:00:00,0,11,8,305
89.0,9.914753351450482,0.0,0.0,1.0,0.0,1.0,0.0,615,2023-01-26 15:00:00,0,54,5,199
488.0,0.6151702623923505,0.0,1.0,0.0,1.0,0.0,0.0,616,2023-01-26 16:00:00,0,12,2,4
237.0,8.829062691374613,0.0,1.0,0.0,0.0,1.0,0.0,617,2023-01-26 17:00:00,0,22,5,59
373.0,5.160790204436166,0.0,1.0,0.0,0.0,1.0,0.0,618,2023-01-26 18:00:00,0,88,4,301
385.0,9.0651371944458,0.0,1.0,0.0,0.0,1.0,0.0,619,2023-01-26 19:00:00,1,98,2,106
272.0,5.713189419195741,1.0,0.0,0.0,0.0,0.0,1.0,620,2023-01-26 20:00:00,0,29,3,151
189.0,6.621120101065646,1.0,0.0,0.0,0.0,1.0,0.0,621,2023-01-26 21:00:00,0,16,7,279
487.0,5.437789079973992,0.0,0.0,1.0,0.0,1.0,0.0,622,2023-01-26 22:00:00,0,61,6,17
192.0,8.644928803073485,0.0,1.0,0.0,0.0,0.0,1.0,623,2023-01-26 23:00:00,0,83,4,152
447.0,7.339099189537017,1.0,0.0,0.0,0.0,0.0,1.0,624,2023-01-27 00:00:00,0,88,4,52
69.0,5.212603121804149,0.0,0.0,1.0,0.0,1.0,0.0,625,2023-01-27 01:00:00,1,85,4,262
278.0,8.681608040515469,1.0,0.0,0.0,0.0,0.0,1.0,626,2023-01-27 02:00:00,0,12,9,103
349.0,2.4528553225533454,0.0,0.0,1.0,1.0,0.0,0.0,627,2023-01-27 03:00:00,0,58,1,190
247.0,1.5734065970252598,0.0,1.0,0.0,1.0,0.0,0.0,628,2023-01-27 04:00:00,0,18,8,298
451.0,1.604001053300721,1.0,0.0,0.0,0.0,0.0,1.0,629,2023-01-27 05:00:00,0,48,5,342
76.0,3.3400887874523786,0.0,0.0,1.0,0.0,0.0,1.0,630,2023-01-27 06:00:00,0,99,5,17
154.0,2.386900313010175,1.0,0.0,0.0,0.0,1.0,0.0,631,2023-01-27 07:00:00,0,11,1,131
144.0,9.300903505097386,1.0,0.0,0.0,0.0,0.0,1.0,632,2023-01-27 08:00:00,0,60,9,250
435.0,1.05834093828584,0.0,1.0,0.0,0.0,1.0,0.0,633,2023-01-27 09:00:00,0,18,3,274
485.0,6.989907380395877,1.0,0.0,0.0,1.0,0.0,0.0,634,2023-01-27 10:00:00,0,75,6,113
86.0,1.8922153978500589,0.0,0.0,1.0,0.0,0.0,1.0,635,2023-01-27 11:00:00,0,8,4,363
185.0,8.816371327703502,0.0,1.0,0.0,0.0,1.0,0.0,636,2023-01-27 12:00:00,1,70,5,265
285.0,9.613152881849077,0.0,0.0,1.0,0.0,1.0,0.0,637,2023-01-27 13:00:00,0,27,9,224
462.0,4.654700087699836,0.0,0.0,1.0,1.0,0.0,0.0,638,2023-01-27 14:00:00,0,77,1,6
220.0,8.790714802281316,0.0,0.0,1.0,0.0,0.0,1.0,639,2023-01-27 15:00:00,0,94,7,333
69.0,0.0514517075471476,0.0,1.0,0.0,1.0,0.0,0.0,640,2023-01-27 16:00:00,0,51,10,135
47.0,8.199469174081,1.0,0.0,0.0,0.0,1.0,0.0,641,2023-01-27 17:00:00,0,82,4,294
497.0,2.286251615249235,1.0,0.0,0.0,0.0,1.0,0.0,642,2023-01-27 18:00:00,0,15,8,359
94.0,9.08701309269368,1.0,0.0,0.0,0.0,0.0,1.0,643,2023-01-27 19:00:00,0,68,8,260
238.0,0.0112011148010948,0.0,1.0,0.0,0.0,1.0,0.0,644,2023-01-27 20:00:00,0,98,8,314
446.0,5.56181735039757,1.0,0.0,0.0,0.0,0.0,1.0,645,2023-01-27 21:00:00,0,11,3,157
453.0,7.566358037849347,0.0,1.0,0.0,1.0,0.0,0.0,646,2023-01-27 22:00:00,0,24,5,185
204.0,2.58688330697908,1.0,0.0,0.0,0.0,0.0,1.0,647,2023-01-27 23:00:00,0,51,4,346
400.0,1.9313286458729304,1.0,0.0,0.0,0.0,0.0,1.0,648,2023-01-28 00:00:00,0,84,5,269
218.0,0.8409822446798465,0.0,0.0,1.0,0.0,1.0,0.0,649,2023-01-28 01:00:00,0,99,6,82
474.0,3.264335765032929,0.0,1.0,0.0,0.0,1.0,0.0,650,2023-01-28 02:00:00,0,52,10,172
432.0,5.598443123088295,0.0,0.0,1.0,0.0,0.0,1.0,651,2023-01-28 03:00:00,1,22,9,51
341.0,1.1584385678025766,0.0,0.0,1.0,0.0,1.0,0.0,652,2023-01-28 04:00:00,0,15,9,186
39.0,3.766953619867988,0.0,0.0,1.0,0.0,1.0,0.0,653,2023-01-28 05:00:00,0,56,10,44
100.0,0.0907240465272496,0.0,1.0,0.0,0.0,1.0,0.0,654,2023-01-28 06:00:00,0,38,8,208
289.0,8.186794204998417,0.0,1.0,0.0,0.0,0.0,1.0,655,2023-01-28 07:00:00,1,52,1,244
254.0,1.2844871809319136,1.0,0.0,0.0,0.0,1.0,0.0,656,2023-01-28 08:00:00,0,41,3,13
249.3690851735016,2.833429482655816,0.0,0.0,1.0,0.0,0.0,1.0,657,2023-01-28 09:00:00,0,57,7,323
357.0,0.1842771873821747,1.0,0.0,0.0,0.0,1.0,0.0,658,2023-01-28 10:00:00,0,38,10,341
23.0,4.322407838925123,0.0,0.0,1.0,1.0,0.0,0.0,659,2023-01-28 11:00:00,0,13,2,244
250.0,8.401215027412189,0.0,1.0,0.0,0.0,1.0,0.0,660,2023-01-28 12:00:00,0,94,6,257
10.0,3.921512114451966,0.0,1.0,0.0,0.0,1.0,0.0,661,2023-01-28 13:00:00,0,4,8,27
249.3690851735016,1.794973234238334,0.0,1.0,0.0,0.0,0.0,1.0,662,2023-01-28 14:00:00,0,34,8,63
325.0,7.536988340505192,0.0,0.0,1.0,0.0,0.0,1.0,663,2023-01-28 15:00:00,0,86,8,222
100.0,7.888069818707443,0.0,1.0,0.0,0.0,1.0,0.0,664,2023-01-28 16:00:00,0,92,3,297
290.0,1.737534753075668,0.0,0.0,1.0,1.0,0.0,0.0,665,2023-01-28 17:00:00,0,74,8,120
180.0,7.708541085409898,1.0,0.0,0.0,0.0,1.0,0.0,666,2023-01-28 18:00:00,0,17,5,155
223.0,9.47297888256338,0.0,0.0,1.0,0.0,1.0,0.0,667,2023-01-28 19:00:00,0,75,4,103
394.0,1.6637758693227234,1.0,0.0,0.0,1.0,0.0,0.0,668,2023-01-28 20:00:00,1,8,10,349
250.0,7.709842925321356,0.0,0.0,1.0,0.0,0.0,1.0,669,2023-01-28 21:00:00,0,73,10,167
147.0,7.085720046026294,1.0,0.0,0.0,0.0,1.0,0.0,670,2023-01-28 22:00:00,0,57,7,256
442.0,4.735738884350885,0.0,1.0,0.0,0.0,0.0,1.0,671,2023-01-28 23:00:00,0,16,10,251
96.0,0.5792046055879829,1.0,0.0,0.0,0.0,0.0,1.0,672,2023-01-29 00:00:00,0,6,10,197
257.0,0.7469441775785401,0.0,1.0,0.0,1.0,0.0,0.0,673,2023-01-29 01:00:00,1,45,7,298
325.0,8.524146591986476,0.0,1.0,0.0,1.0,0.0,0.0,674,2023-01-29 02:00:00,0,12,1,176
493.0,9.90148372750647,1.0,0.0,0.0,0.0,0.0,1.0,675,2023-01-29 03:00:00,0,39,5,304
4.0,6.760522571867544,0.0,0.0,1.0,0.0,1.0,0.0,676,2023-01-29 04:00:00,0,41,1,271
16.0,4.459583070103214,0.0,0.0,1.0,0.0,0.0,1.0,677,2023-01-29 05:00:00,0,8,1,264
280.0,6.475736434019076,0.0,0.0,1.0,0.0,1.0,0.0,678,2023-01-29 06:00:00,0,49,9,84
336.0,5.943958592285453,0.0,0.0,1.0,0.0,1.0,0.0,679,2023-01-29 07:00:00,0,26,1,12
247.0,3.836122604056218,0.0,0.0,1.0,1.0,0.0,0.0,680,2023-01-29 08:00:00,0,65,7,2
258.0,0.6562614457401295,0.0,1.0,0.0,0.0,1.0,0.0,681,2023-01-29 09:00:00,0,4,9,251
497.0,8.21512947407441,0.0,0.0,1.0,0.0,1.0,0.0,682,2023-01-29 10:00:00,0,28,4,147
476.0,3.7183352923872457,0.0,1.0,0.0,0.0,0.0,1.0,683,2023-01-29 11:00:00,0,36,8,309
384.0,8.187856433570937,0.0,1.0,0.0,1.0,0.0,0.0,684,2023-01-29 12:00:00,0,37,10,325
160.0,2.525087496883822,0.0,1.0,0.0,0.0,1.0,0.0,685,2023-01-29 13:00:00,0,82,10,191
475.0,0.0102947984563339,1.0,0.0,0.0,0.0,1.0,0.0,686,2023-01-29 14:00:00,0,7,1,200
340.0,1.5893828327675652,1.0,0.0,0.0,1.0,0.0,0.0,687,2023-01-29 15:00:00,0,64,9,263
152.0,4.685394167685844,0.0,1.0,0.0,0.0,0.0,1.0,688,2023-01-29 16:00:00,1,85,8,319
396.0,9.443036349578298,1.0,0.0,0.0,1.0,0.0,0.0,689,2023-01-29 17:00:00,0,16,7,84
178.0,1.0219361969371898,0.0,0.0,1.0,1.0,0.0,0.0,690,2023-01-29 18:00:00,0,70,2,148
163.0,8.54209774461566,0.0,0.0,1.0,0.0,1.0,0.0,691,2023-01-29 19:00:00,0,88,4,250
380.0,5.270240962118621,0.0,1.0,0.0,0.0,1.0,0.0,692,2023-01-29 20:00:00,0,44,10,77
33.0,8.259207657998966,0.0,0.0,1.0,0.0,0.0,1.0,693,2023-01-29 21:00:00,0,3,3,10
417.0,2.983744309899926,0.0,1.0,0.0,0.0,1.0,0.0,694,2023-01-29 22:00:00,0,35,10,122
445.0,8.399471646724718,0.0,1.0,0.0,0.0,1.0,0.0,695,2023-01-29 23:00:00,0,69,5,100
179.0,7.728227800168045,0.0,0.0,1.0,1.0,0.0,0.0,696,2023-01-30 00:00:00,1,30,3,300
427.0,2.300536830314339,1.0,0.0,0.0,0.0,1.0,0.0,697,2023-01-30 01:00:00,0,18,9,265
101.0,1.3133512640937806,0.0,0.0,1.0,0.0,0.0,1.0,698,2023-01-30 02:00:00,0,60,9,312
268.0,8.680543225322928,0.0,0.0,1.0,1.0,0.0,0.0,699,2023-01-30 03:00:00,0,53,2,188
323.0,9.63236653440132,0.0,1.0,0.0,0.0,0.0,1.0,700,2023-01-30 04:00:00,0,38,10,162
65.0,0.3130231374751624,0.0,1.0,0.0,1.0,0.0,0.0,701,2023-01-30 05:00:00,0,90,8,179
417.0,7.312700669736856,0.0,1.0,0.0,0.0,1.0,0.0,702,2023-01-30 06:00:00,0,73,9,208
168.0,9.095245109478183,0.0,1.0,0.0,1.0,0.0,0.0,703,2023-01-30 07:00:00,1,89,2,215
330.0,8.573600920924987,1.0,0.0,0.0,1.0,0.0,0.0,704,2023-01-30 08:00:00,0,18,9,177
43.0,9.645204722702086,1.0,0.0,0.0,0.0,1.0,0.0,705,2023-01-30 09:00:00,0,38,9,98
44.0,7.600940784380972,1.0,0.0,0.0,0.0,1.0,0.0,706,2023-01-30 10:00:00,0,66,3,152
285.0,4.422987623809103,0.0,1.0,0.0,0.0,0.0,1.0,707,2023-01-30 11:00:00,0,44,6,60
397.0,3.1195199049513045,0.0,1.0,0.0,0.0,0.0,1.0,708,2023-01-30 12:00:00,0,12,1,153
12.0,3.2074274043812743,0.0,1.0,0.0,0.0,1.0,0.0,709,2023-01-30 13:00:00,0,91,5,114
95.0,7.24422672614117,1.0,0.0,0.0,0.0,1.0,0.0,710,2023-01-30 14:00:00,0,57,2,261
302.0,7.4583701203096435,0.0,1.0,0.0,0.0,1.0,0.0,711,2023-01-30 15:00:00,0,19,2,356
386.0,2.0035914354871265,0.0,0.0,1.0,1.0,0.0,0.0,712,2023-01-30 16:00:00,0,91,9,310
253.0,8.68122813490531,0.0,0.0,1.0,1.0,0.0,0.0,713,2023-01-30 17:00:00,0,71,8,339
499.0,7.1492404020224765,0.0,1.0,0.0,1.0,0.0,0.0,714,2023-01-30 18:00:00,0,60,6,209
242.0,5.627502863433826,0.0,0.0,1.0,0.0,1.0,0.0,715,2023-01-30 19:00:00,0,38,10,313
35.0,4.715324601025127,0.0,0.0,1.0,0.0,0.0,1.0,716,2023-01-30 20:00:00,0,0,4,5
215.0,5.432328057899581,1.0,0.0,0.0,0.0,1.0,0.0,717,2023-01-30 21:00:00,1,2,10,354
337.0,1.5924573827926447,0.0,1.0,0.0,1.0,0.0,0.0,718,2023-01-30 22:00:00,0,76,7,62
249.3690851735016,2.037012492762742,0.0,1.0,0.0,1.0,0.0,0.0,719,2023-01-30 23:00:00,0,91,5,70
264.0,0.9116449040619168,1.0,0.0,0.0,0.0,1.0,0.0,720,2023-01-31 00:00:00,0,61,5,154
93.0,1.5365803816111268,0.0,0.0,1.0,0.0,1.0,0.0,721,2023-01-31 01:00:00,0,62,8,301
410.0,4.536936346052826,0.0,0.0,1.0,1.0,0.0,0.0,722,2023-01-31 02:00:00,0,24,3,63
458.0,5.303543937282561,0.0,1.0,0.0,1.0,0.0,0.0,723,2023-01-31 03:00:00,0,55,2,171
90.0,0.1786189247831937,0.0,0.0,1.0,1.0,0.0,0.0,724,2023-01-31 04:00:00,0,32,7,337
418.0,7.967978278640276,0.0,1.0,0.0,0.0,1.0,0.0,725,2023-01-31 05:00:00,1,37,1,99
115.0,2.941679733434779,1.0,0.0,0.0,1.0,0.0,0.0,726,2023-01-31 06:00:00,1,5,5,130
105.0,9.118360349599111,0.0,1.0,0.0,1.0,0.0,0.0,727,2023-01-31 07:00:00,0,57,4,171
391.0,9.675112636137776,1.0,0.0,0.0,0.0,0.0,1.0,728,2023-01-31 08:00:00,0,43,2,39
196.0,1.8545887467665436,1.0,0.0,0.0,0.0,1.0,0.0,729,2023-01-31 09:00:00,0,44,1,197
314.0,4.620972907656606,0.0,1.0,0.0,0.0,0.0,1.0,730,2023-01-31 10:00:00,0,31,10,114
249.3690851735016,0.0123183516642588,1.0,0.0,0.0,0.0,0.0,1.0,731,2023-01-31 11:00:00,0,44,6,210
249.3690851735016,5.9832726512242695,1.0,0.0,0.0,1.0,0.0,0.0,732,2023-01-31 12:00:00,0,60,8,110
75.0,6.073064482626712,1.0,0.0,0.0,0.0,1.0,0.0,733,2023-01-31 13:00:00,0,46,2,348
413.0,2.475399556033752,0.0,0.0,1.0,1.0,0.0,0.0,734,2023-01-31 14:00:00,0,20,7,106
376.0,5.584126725831979,0.0,1.0,0.0,0.0,1.0,0.0,735,2023-01-31 15:00:00,1,79,3,89
420.0,2.2554014244373546,0.0,1.0,0.0,0.0,0.0,1.0,736,2023-01-31 16:00:00,0,84,4,79
217.0,1.6082546907819006,0.0,1.0,0.0,0.0,1.0,0.0,737,2023-01-31 17:00:00,0,74,10,310
277.0,6.515194668022647,0.0,0.0,1.0,1.0,0.0,0.0,738,2023-01-31 18:00:00,0,100,1,164
249.0,3.2592546395207487,0.0,0.0,1.0,1.0,0.0,0.0,739,2023-01-31 19:00:00,0,35,3,298
164.0,5.902639388856224,0.0,1.0,0.0,1.0,0.0,0.0,740,2023-01-31 20:00:00,0,98,2,5
394.0,4.3324674897165565,0.0,0.0,1.0,0.0,1.0,0.0,741,2023-01-31 21:00:00,0,18,4,247
357.0,9.84351407402904,0.0,1.0,0.0,0.0,0.0,1.0,742,2023-01-31 22:00:00,1,19,8,267
457.0,1.4958064266756577,0.0,0.0,1.0,0.0,0.0,1.0,743,2023-01-31 23:00:00,0,56,1,342
408.0,4.645985966358102,1.0,0.0,0.0,0.0,1.0,0.0,744,2023-02-01 00:00:00,0,17,4,114
192.0,6.8045662635932525,1.0,0.0,0.0,1.0,0.0,0.0,745,2023-02-01 01:00:00,0,46,1,200
227.0,3.9554508387996874,0.0,1.0,0.0,0.0,0.0,1.0,746,2023-02-01 02:00:00,0,48,6,363
177.0,9.7469985187069,0.0,0.0,1.0,1.0,0.0,0.0,747,2023-02-01 03:00:00,0,13,4,96
99.0,7.218876279269351,0.0,0.0,1.0,0.0,1.0,0.0,748,2023-02-01 04:00:00,1,14,6,142
496.0,6.569838575644931,1.0,0.0,0.0,1.0,0.0,0.0,749,2023-02-01 05:00:00,0,30,10,359
36.0,7.570592676112233,1.0,0.0,0.0,0.0,0.0,1.0,750,2023-02-01 06:00:00,0,0,9,303
466.0,9.52648638038717,0.0,0.0,1.0,0.0,0.0,1.0,751,2023-02-01 07:00:00,0,53,10,241
497.0,9.078186529846402,0.0,0.0,1.0,1.0,0.0,0.0,752,2023-02-01 08:00:00,0,2,5,308
487.0,7.242853081264119,0.0,0.0,1.0,0.0,1.0,0.0,753,2023-02-01 09:00:00,0,15,6,11
96.0,7.491616391012831,0.0,0.0,1.0,1.0,0.0,0.0,754,2023-02-01 10:00:00,0,86,7,75
152.0,1.4592207403514543,0.0,0.0,1.0,0.0,1.0,0.0,755,2023-02-01 11:00:00,0,56,5,302
151.0,1.027924044926657,0.0,0.0,1.0,1.0,0.0,0.0,756,2023-02-01 12:00:00,0,74,10,31
249.3690851735016,5.709045018441643,0.0,1.0,0.0,0.0,0.0,1.0,757,2023-02-01 13:00:00,0,11,4,115
224.0,0.1836763694054,0.0,0.0,1.0,0.0,1.0,0.0,758,2023-02-01 14:00:00,0,73,6,99
37.0,4.823563815515915,1.0,0.0,0.0,0.0,1.0,0.0,759,2023-02-01 15:00:00,0,95,4,190
268.0,2.103495799188686,0.0,1.0,0.0,0.0,1.0,0.0,760,2023-02-01 16:00:00,0,15,1,202
369.0,3.460165676448396,0.0,0.0,1.0,0.0,0.0,1.0,761,2023-02-01 17:00:00,0,71,3,263
183.0,7.758047357929561,1.0,0.0,0.0,1.0,0.0,0.0,762,2023-02-01 18:00:00,0,75,3,103
13.0,9.412375042323864,0.0,1.0,0.0,0.0,0.0,1.0,763,2023-02-01 19:00:00,0,23,9,160
279.0,0.724162721463415,1.0,0.0,0.0,0.0,1.0,0.0,764,2023-02-01 20:00:00,0,27,1,213
217.0,5.342422059764451,0.0,0.0,1.0,1.0,0.0,0.0,765,2023-02-01 21:00:00,1,7,9,124
355.0,8.825334858196,0.0,0.0,1.0,0.0,0.0,1.0,766,2023-02-01 22:00:00,1,91,6,278
361.0,0.8250853444042128,0.0,0.0,1.0,0.0,1.0,0.0,767,2023-02-01 23:00:00,0,35,5,37
286.0,8.245140468968339,0.0,0.0,1.0,0.0,1.0,0.0,768,2023-02-02 00:00:00,1,89,1,271
273.0,3.5780135092827137,0.0,1.0,0.0,0.0,0.0,1.0,769,2023-02-02 01:00:00,0,7,2,98
249.3690851735016,3.2209470221933536,0.0,1.0,0.0,0.0,0.0,1.0,770,2023-02-02 02:00:00,0,57,9,312
62.0,9.774663863147858,1.0,0.0,0.0,0.0,0.0,1.0,771,2023-02-02 03:00:00,0,59,1,330
84.0,2.0085908986229417,0.0,0.0,1.0,0.0,1.0,0.0,772,2023-02-02 04:00:00,0,49,4,333
368.0,6.9319394082268095,1.0,0.0,0.0,0.0,0.0,1.0,773,2023-02-02 05:00:00,0,27,1,91
217.0,8.214407280098664,0.0,1.0,0.0,0.0,1.0,0.0,774,2023-02-02 06:00:00,0,91,2,127
249.3690851735016,0.4118349527927167,0.0,0.0,1.0,0.0,0.0,1.0,775,2023-02-02 07:00:00,0,100,3,304
397.0,6.703854583544122,0.0,0.0,1.0,0.0,1.0,0.0,776,2023-02-02 08:00:00,0,40,6,279
187.0,9.515499743553269,0.0,1.0,0.0,0.0,1.0,0.0,777,2023-02-02 09:00:00,0,99,2,222
19.0,1.2421996672805935,0.0,1.0,0.0,1.0,0.0,0.0,778,2023-02-02 10:00:00,1,63,8,263
177.0,8.962213026850383,0.0,1.0,0.0,0.0,0.0,1.0,779,2023-02-02 11:00:00,0,26,8,95
100.0,5.947766373769361,0.0,1.0,0.0,0.0,0.0,1.0,780,2023-02-02 12:00:00,0,62,4,293
396.0,6.16604581862474,0.0,1.0,0.0,0.0,1.0,0.0,781,2023-02-02 13:00:00,0,16,6,339
249.3690851735016,6.12944174865606,0.0,1.0,0.0,0.0,1.0,0.0,782,2023-02-02 14:00:00,0,72,7,159
233.0,2.988358863373138,0.0,1.0,0.0,0.0,1.0,0.0,783,2023-02-02 15:00:00,0,32,5,50
403.0,9.352018152994596,0.0,0.0,1.0,1.0,0.0,0.0,784,2023-02-02 16:00:00,0,83,2,33
76.0,9.473504626310389,0.0,0.0,1.0,1.0,0.0,0.0,785,2023-02-02 17:00:00,0,76,10,49
265.0,6.253046602139478,0.0,1.0,0.0,0.0,1.0,0.0,786,2023-02-02 18:00:00,0,91,10,356
455.0,7.834227259416147,0.0,1.0,0.0,0.0,0.0,1.0,787,2023-02-02 19:00:00,0,28,4,207
284.0,6.12257985881158,0.0,0.0,1.0,0.0,0.0,1.0,788,2023-02-02 20:00:00,0,12,10,357
206.0,4.843984475740406,0.0,1.0,0.0,1.0,0.0,0.0,789,2023-02-02 21:00:00,0,45,5,82
223.0,6.608201182992507,0.0,1.0,0.0,1.0,0.0,0.0,790,2023-02-02 22:00:00,0,34,1,312
249.3690851735016,5.530014525919585,0.0,1.0,0.0,0.0,1.0,0.0,791,2023-02-02 23:00:00,0,5,5,351
52.0,5.974758626319301,1.0,0.0,0.0,0.0,0.0,1.0,792,2023-02-03 00:00:00,0,81,2,67
339.0,7.83832553418862,0.0,0.0,1.0,0.0,1.0,0.0,793,2023-02-03 01:00:00,0,68,6,63
367.0,4.8090383144898485,1.0,0.0,0.0,1.0,0.0,0.0,794,2023-02-03 02:00:00,1,46,2,10
144.0,0.4075410609247276,0.0,1.0,0.0,0.0,0.0,1.0,795,2023-02-03 03:00:00,1,24,6,278
373.0,1.6399948098949724,1.0,0.0,0.0,0.0,0.0,1.0,796,2023-02-03 04:00:00,0,65,4,227
249.3690851735016,4.386072164895384,0.0,1.0,0.0,1.0,0.0,0.0,797,2023-02-03 05:00:00,0,9,9,58
99.0,7.248265598740583,1.0,0.0,0.0,0.0,1.0,0.0,798,2023-02-03 06:00:00,0,55,7,184
396.0,5.932786483101787,0.0,1.0,0.0,0.0,1.0,0.0,799,2023-02-03 07:00:00,0,29,4,227
25.0,6.502941858734539,1.0,0.0,0.0,0.0,0.0,1.0,800,2023-02-03 08:00:00,0,4,8,130
436.0,4.792789285762873,1.0,0.0,0.0,1.0,0.0,0.0,801,2023-02-03 09:00:00,0,32,6,18
379.0,6.157420219422428,1.0,0.0,0.0,0.0,0.0,1.0,802,2023-02-03 10:00:00,1,64,6,357
469.0,3.290174378146622,0.0,0.0,1.0,1.0,0.0,0.0,803,2023-02-03 11:00:00,0,17,6,34
484.0,4.7018259269666505,1.0,0.0,0.0,0.0,1.0,0.0,804,2023-02-03 12:00:00,1,95,2,245
53.0,7.442790655949556,0.0,0.0,1.0,1.0,0.0,0.0,805,2023-02-03 13:00:00,0,48,6,149
151.0,8.718327789731212,0.0,1.0,0.0,0.0,1.0,0.0,806,2023-02-03 14:00:00,0,10,10,258
249.3690851735016,4.336553339563888,1.0,0.0,0.0,1.0,0.0,0.0,807,2023-02-03 15:00:00,0,84,9,204
57.0,0.4366165770736119,0.0,1.0,0.0,0.0,0.0,1.0,808,2023-02-03 16:00:00,0,25,1,271
39.0,1.6167254414680263,0.0,1.0,0.0,0.0,1.0,0.0,809,2023-02-03 17:00:00,0,62,4,61
109.0,0.208611392915381,0.0,1.0,0.0,0.0,0.0,1.0,810,2023-02-03 18:00:00,0,88,1,250
181.0,6.532630192373301,0.0,0.0,1.0,0.0,0.0,1.0,811,2023-02-03 19:00:00,0,85,1,4
42.0,3.323146253551089,1.0,0.0,0.0,0.0,1.0,0.0,812,2023-02-03 20:00:00,0,58,3,351
186.0,5.424786357193675,0.0,1.0,0.0,0.0,1.0,0.0,813,2023-02-03 21:00:00,0,26,1,227
423.0,4.932768467837995,0.0,1.0,0.0,0.0,0.0,1.0,814,2023-02-03 22:00:00,0,48,7,164
398.0,0.815264895524267,1.0,0.0,0.0,0.0,0.0,1.0,815,2023-02-03 23:00:00,1,76,2,305
223.0,4.032613611238318,0.0,0.0,1.0,0.0,0.0,1.0,816,2023-02-04 00:00:00,0,32,9,57
122.0,2.2056112492232325,0.0,0.0,1.0,0.0,0.0,1.0,817,2023-02-04 01:00:00,0,97,5,185
133.0,4.183997886676528,0.0,1.0,0.0,0.0,1.0,0.0,818,2023-02-04 02:00:00,0,98,1,234
163.0,2.0357828034224266,0.0,1.0,0.0,0.0,1.0,0.0,819,2023-02-04 03:00:00,0,0,10,231
215.0,8.404524062769335,0.0,0.0,1.0,0.0,0.0,1.0,820,2023-02-04 04:00:00,0,20,8,22
221.0,1.7419333657825364,1.0,0.0,0.0,1.0,0.0,0.0,821,2023-02-04 05:00:00,0,54,9,175
235.0,9.607805514869767,0.0,1.0,0.0,1.0,0.0,0.0,822,2023-02-04 06:00:00,0,5,5,196
331.0,4.159073661469408,0.0,0.0,1.0,0.0,1.0,0.0,823,2023-02-04 07:00:00,0,91,7,17
146.0,8.462452920190493,0.0,1.0,0.0,0.0,0.0,1.0,824,2023-02-04 08:00:00,0,80,9,73
239.0,6.287648182059451,1.0,0.0,0.0,0.0,0.0,1.0,825,2023-02-04 09:00:00,0,68,8,357
76.0,7.353502986657526,0.0,0.0,1.0,0.0,1.0,0.0,826,2023-02-04 10:00:00,0,94,2,264
9.0,7.677238880667803,0.0,1.0,0.0,1.0,0.0,0.0,827,2023-02-04 11:00:00,0,4,2,17
74.0,5.0484488189301775,1.0,0.0,0.0,1.0,0.0,0.0,828,2023-02-04 12:00:00,0,2,9,181
442.0,5.433005233632883,0.0,1.0,0.0,1.0,0.0,0.0,829,2023-02-04 13:00:00,0,52,10,81
492.0,5.1399586780872495,1.0,0.0,0.0,0.0,1.0,0.0,830,2023-02-04 14:00:00,0,22,8,183
401.0,5.880583780900793,1.0,0.0,0.0,1.0,0.0,0.0,831,2023-02-04 15:00:00,0,100,4,247
253.0,0.2939444575650729,0.0,0.0,1.0,0.0,1.0,0.0,832,2023-02-04 16:00:00,0,52,4,42
230.0,3.9551516984901527,1.0,0.0,0.0,0.0,1.0,0.0,833,2023-02-04 17:00:00,0,36,1,323
7.0,6.061887135611715,0.0,1.0,0.0,0.0,0.0,1.0,834,2023-02-04 18:00:00,0,73,2,152
174.0,5.977235652558644,1.0,0.0,0.0,1.0,0.0,0.0,835,2023-02-04 19:00:00,0,73,7,321
141.0,7.9295609460563155,1.0,0.0,0.0,0.0,1.0,0.0,836,2023-02-04 20:00:00,1,82,6,99
168.0,6.550093388321086,0.0,0.0,1.0,1.0,0.0,0.0,837,2023-02-04 21:00:00,0,16,4,328
170.0,9.921333163406723,1.0,0.0,0.0,1.0,0.0,0.0,838,2023-02-04 22:00:00,0,84,6,94
393.0,2.8385452860864504,1.0,0.0,0.0,0.0,0.0,1.0,839,2023-02-04 23:00:00,0,77,8,183
434.0,3.5915102966623147,0.0,1.0,0.0,1.0,0.0,0.0,840,2023-02-05 00:00:00,0,72,4,261
283.0,3.838471518677963,0.0,0.0,1.0,0.0,0.0,1.0,841,2023-02-05 01:00:00,0,0,3,113
122.0,4.658128070202485,0.0,0.0,1.0,0.0,1.0,0.0,842,2023-02-05 02:00:00,0,50,2,56
194.0,8.359980637812095,0.0,0.0,1.0,1.0,0.0,0.0,843,2023-02-05 03:00:00,0,44,1,102
5.0,2.3579209395920984,1.0,0.0,0.0,0.0,1.0,0.0,844,2023-02-05 04:00:00,0,76,8,111
29.0,7.760002070354295,0.0,0.0,1.0,1.0,0.0,0.0,845,2023-02-05 05:00:00,0,3,6,217
165.0,4.053101830857434,1.0,0.0,0.0,0.0,1.0,0.0,846,2023-02-05 06:00:00,0,61,7,55
422.0,6.018553836620085,1.0,0.0,0.0,1.0,0.0,0.0,847,2023-02-05 07:00:00,0,64,8,191
339.0,6.3254053322630615,0.0,1.0,0.0,1.0,0.0,0.0,848,2023-02-05 08:00:00,0,31,2,114
136.0,3.728486371889344,0.0,1.0,0.0,1.0,0.0,0.0,849,2023-02-05 09:00:00,1,33,7,341
496.0,5.126152052058052,0.0,1.0,0.0,1.0,0.0,0.0,850,2023-02-05 10:00:00,0,91,7,128
365.0,4.13031174647697,0.0,1.0,0.0,1.0,0.0,0.0,851,2023-02-05 11:00:00,1,94,6,261
321.0,0.6913278618661944,0.0,1.0,0.0,1.0,0.0,0.0,852,2023-02-05 12:00:00,1,71,9,208
342.0,4.371653888168265,1.0,0.0,0.0,1.0,0.0,0.0,853,2023-02-05 13:00:00,0,38,6,295
145.0,0.9739339255355216,1.0,0.0,0.0,1.0,0.0,0.0,854,2023-02-05 14:00:00,0,25,4,280
327.0,4.050207990803215,0.0,0.0,1.0,1.0,0.0,0.0,855,2023-02-05 15:00:00,0,33,6,207
217.0,5.929183998317819,1.0,0.0,0.0,0.0,1.0,0.0,856,2023-02-05 16:00:00,0,53,3,112
249.3690851735016,5.794148993435008,1.0,0.0,0.0,0.0,0.0,1.0,857,2023-02-05 17:00:00,0,2,4,359
132.0,6.626212790083203,0.0,1.0,0.0,1.0,0.0,0.0,858,2023-02-05 18:00:00,0,49,4,163
292.0,0.9526150795462628,1.0,0.0,0.0,0.0,0.0,1.0,859,2023-02-05 19:00:00,0,11,4,173
70.0,6.521232455304379,0.0,1.0,0.0,1.0,0.0,0.0,860,2023-02-05 20:00:00,0,64,1,213
252.0,3.121480566964471,0.0,0.0,1.0,1.0,0.0,0.0,861,2023-02-05 21:00:00,1,53,10,42
415.0,3.990459461371111,0.0,0.0,1.0,0.0,1.0,0.0,862,2023-02-05 22:00:00,0,4,3,269
249.3690851735016,8.579862539227058,1.0,0.0,0.0,0.0,1.0,0.0,863,2023-02-05 23:00:00,0,93,1,299
445.0,0.0903040412955025,0.0,0.0,1.0,0.0,0.0,1.0,864,2023-02-06 00:00:00,0,93,2,302
364.0,5.884126333406055,1.0,0.0,0.0,0.0,1.0,0.0,865,2023-02-06 01:00:00,1,56,3,162
182.0,5.987139801001076,0.0,0.0,1.0,0.0,1.0,0.0,866,2023-02-06 02:00:00,0,16,3,284
167.0,3.96659776343562,0.0,1.0,0.0,0.0,0.0,1.0,867,2023-02-06 03:00:00,0,46,6,203
91.0,2.370278571083362,0.0,1.0,0.0,0.0,1.0,0.0,868,2023-02-06 04:00:00,0,22,8,239
202.0,2.346740382615511,0.0,1.0,0.0,1.0,0.0,0.0,869,2023-02-06 05:00:00,0,78,3,364
346.0,8.837096696607526,0.0,1.0,0.0,0.0,0.0,1.0,870,2023-02-06 06:00:00,0,100,1,46
19.0,4.420243737828575,1.0,0.0,0.0,0.0,0.0,1.0,871,2023-02-06 07:00:00,1,84,3,186
39.0,3.3088936298917195,0.0,0.0,1.0,1.0,0.0,0.0,872,2023-02-06 08:00:00,0,13,5,43
126.0,4.48777573831403,1.0,0.0,0.0,0.0,1.0,0.0,873,2023-02-06 09:00:00,0,65,4,30
451.0,6.693904014593613,0.0,1.0,0.0,0.0,0.0,1.0,874,2023-02-06 10:00:00,0,74,1,237
249.3690851735016,1.457565682447517,1.0,0.0,0.0,0.0,0.0,1.0,875,2023-02-06 11:00:00,0,50,10,318
141.0,4.494338352137377,0.0,0.0,1.0,1.0,0.0,0.0,876,2023-02-06 12:00:00,0,37,9,157
242.0,5.878843711103869,1.0,0.0,0.0,1.0,0.0,0.0,877,2023-02-06 13:00:00,0,63,10,103
220.0,9.485833548514336,0.0,0.0,1.0,0.0,1.0,0.0,878,2023-02-06 14:00:00,0,97,9,202
126.0,2.5252778207541926,0.0,1.0,0.0,0.0,0.0,1.0,879,2023-02-06 15:00:00,0,37,2,258
58.0,3.592507479162456,0.0,0.0,1.0,0.0,1.0,0.0,880,2023-02-06 16:00:00,0,49,1,124
249.3690851735016,3.7935858992242375,0.0,0.0,1.0,0.0,1.0,0.0,881,2023-02-06 17:00:00,0,97,10,311
476.0,6.055381576448829,0.0,1.0,0.0,1.0,0.0,0.0,882,2023-02-06 18:00:00,0,81,10,327
456.0,3.567320530400017,0.0,0.0,1.0,0.0,0.0,1.0,883,2023-02-06 19:00:00,0,29,1,162
249.3690851735016,5.335119252996956,0.0,1.0,0.0,0.0,0.0,1.0,884,2023-02-06 20:00:00,0,78,8,236
383.0,7.817903298450294,0.0,1.0,0.0,0.0,0.0,1.0,885,2023-02-06 21:00:00,1,90,4,18
361.0,7.053855941122036,0.0,1.0,0.0,1.0,0.0,0.0,886,2023-02-06 22:00:00,0,50,10,213
423.0,4.463686465125855,1.0,0.0,0.0,1.0,0.0,0.0,887,2023-02-06 23:00:00,0,62,5,94
1.0,8.64216177674169,1.0,0.0,0.0,1.0,0.0,0.0,888,2023-02-07 00:00:00,0,97,9,44
387.0,5.581402495938629,0.0,1.0,0.0,1.0,0.0,0.0,889,2023-02-07 01:00:00,0,51,5,53
461.0,5.399058395022125,0.0,1.0,0.0,1.0,0.0,0.0,890,2023-02-07 02:00:00,0,37,4,334
348.0,0.3418776593915817,0.0,0.0,1.0,0.0,0.0,1.0,891,2023-02-07 03:00:00,0,96,9,86
190.0,9.866929803571615,0.0,0.0,1.0,0.0,1.0,0.0,892,2023-02-07 04:00:00,0,87,1,129
191.0,1.2297080852962672,1.0,0.0,0.0,0.0,0.0,1.0,893,2023-02-07 05:00:00,1,78,1,85
369.0,2.311309124276466,0.0,0.0,1.0,0.0,1.0,0.0,894,2023-02-07 06:00:00,0,29,3,240
409.0,0.5169683724152696,0.0,0.0,1.0,1.0,0.0,0.0,895,2023-02-07 07:00:00,0,50,2,323
312.0,6.400029668369137,0.0,1.0,0.0,0.0,1.0,0.0,896,2023-02-07 08:00:00,0,80,2,171
417.0,2.2470117697268,0.0,1.0,0.0,0.0,0.0,1.0,897,2023-02-07 09:00:00,0,4,8,237
422.0,1.800104374727235,0.0,1.0,0.0,0.0,0.0,1.0,898,2023-02-07 10:00:00,0,28,1,102
117.0,0.8855558422324139,0.0,1.0,0.0,0.0,1.0,0.0,899,2023-02-07 11:00:00,0,3,8,307
134.0,1.0330895712401569,0.0,1.0,0.0,1.0,0.0,0.0,900,2023-02-07 12:00:00,0,9,7,123
58.0,5.846707004425888,0.0,1.0,0.0,1.0,0.0,0.0,901,2023-02-07 13:00:00,0,55,3,336
44.0,6.882078658665955,0.0,0.0,1.0,0.0,0.0,1.0,902,2023-02-07 14:00:00,0,16,2,219
173.0,3.97378988464401,0.0,0.0,1.0,0.0,1.0,0.0,903,2023-02-07 15:00:00,0,73,7,52
160.0,4.7989708159207325,0.0,0.0,1.0,1.0,0.0,0.0,904,2023-02-07 16:00:00,0,16,7,258
173.0,6.859677359829841,0.0,1.0,0.0,1.0,0.0,0.0,905,2023-02-07 17:00:00,0,83,6,341
317.0,0.1737979018547963,0.0,1.0,0.0,0.0,0.0,1.0,906,2023-02-07 18:00:00,0,87,7,135
303.0,3.231306570702785,0.0,1.0,0.0,1.0,0.0,0.0,907,2023-02-07 19:00:00,0,68,5,235
149.0,9.730977480703464,1.0,0.0,0.0,0.0,1.0,0.0,908,2023-02-07 20:00:00,0,33,1,269
80.0,5.801122296954681,0.0,0.0,1.0,0.0,0.0,1.0,909,2023-02-07 21:00:00,0,5,10,21
374.0,2.5422457989749327,1.0,0.0,0.0,0.0,0.0,1.0,910,2023-02-07 22:00:00,1,52,6,258
249.3690851735016,5.217300466362131,0.0,1.0,0.0,0.0,1.0,0.0,911,2023-02-07 23:00:00,0,65,4,121
203.0,3.4265348812091534,1.0,0.0,0.0,0.0,0.0,1.0,912,2023-02-08 00:00:00,0,76,1,170
252.0,5.322449888262991,0.0,0.0,1.0,1.0,0.0,0.0,913,2023-02-08 01:00:00,0,42,3,191
229.0,1.2574151180664883,0.0,0.0,1.0,1.0,0.0,0.0,914,2023-02-08 02:00:00,0,74,4,31
164.0,1.3271465381927738,0.0,1.0,0.0,0.0,1.0,0.0,915,2023-02-08 03:00:00,0,22,5,149
227.0,1.4354236203939286,0.0,1.0,0.0,1.0,0.0,0.0,916,2023-02-08 04:00:00,0,54,10,154
147.0,9.398197919268418,1.0,0.0,0.0,0.0,1.0,0.0,917,2023-02-08 05:00:00,0,79,3,138
20.0,7.328989183413418,0.0,1.0,0.0,0.0,1.0,0.0,918,2023-02-08 06:00:00,0,94,6,25
441.0,1.623818946623209,0.0,1.0,0.0,1.0,0.0,0.0,919,2023-02-08 07:00:00,0,74,5,82
402.0,1.8834908376560144,0.0,0.0,1.0,0.0,1.0,0.0,920,2023-02-08 08:00:00,0,15,1,10
47.0,7.3082947487087635,0.0,1.0,0.0,1.0,0.0,0.0,921,2023-02-08 09:00:00,0,7,8,354
233.0,1.5616384479217391,0.0,1.0,0.0,0.0,0.0,1.0,922,2023-02-08 10:00:00,0,3,7,228
305.0,2.3456129333482867,0.0,0.0,1.0,0.0,0.0,1.0,923,2023-02-08 11:00:00,0,3,6,314
14.0,9.63346832820399,0.0,0.0,1.0,0.0,1.0,0.0,924,2023-02-08 12:00:00,0,55,6,137
143.0,2.5530652472843185,1.0,0.0,0.0,1.0,0.0,0.0,925,2023-02-08 13:00:00,0,24,2,114
415.0,6.616323503711468,0.0,1.0,0.0,1.0,0.0,0.0,926,2023-02-08 14:00:00,0,66,7,148
1.0,9.786312874005304,0.0,0.0,1.0,0.0,0.0,1.0,927,2023-02-08 15:00:00,0,95,5,111
373.0,3.742967671397927,1.0,0.0,0.0,0.0,0.0,1.0,928,2023-02-08 16:00:00,0,66,1,102
54.0,0.1751599086206223,1.0,0.0,0.0,1.0,0.0,0.0,929,2023-02-08 17:00:00,0,26,8,286
374.0,2.441472904223742,0.0,1.0,0.0,0.0,1.0,0.0,930,2023-02-08 18:00:00,0,92,8,179
259.0,8.308771913417054,0.0,1.0,0.0,0.0,0.0,1.0,931,2023-02-08 19:00:00,0,31,1,316
144.0,8.646088359550367,1.0,0.0,0.0,0.0,1.0,0.0,932,2023-02-08 20:00:00,0,49,3,335
471.0,7.685193645237912,0.0,0.0,1.0,0.0,1.0,0.0,933,2023-02-08 21:00:00,0,60,5,100
441.0,1.1310981907657305,1.0,0.0,0.0,0.0,0.0,1.0,934,2023-02-08 22:00:00,0,50,9,64
459.0,7.955103716964031,0.0,1.0,0.0,0.0,1.0,0.0,935,2023-02-08 23:00:00,0,18,4,101
12.0,9.186777969935044,0.0,0.0,1.0,0.0,1.0,0.0,936,2023-02-09 00:00:00,0,20,10,113
330.0,6.006095425462361,0.0,0.0,1.0,1.0,0.0,0.0,937,2023-02-09 01:00:00,0,4,2,109
224.0,9.408753563380648,1.0,0.0,0.0,0.0,1.0,0.0,938,2023-02-09 02:00:00,0,81,8,212
272.0,8.268388837118774,0.0,1.0,0.0,1.0,0.0,0.0,939,2023-02-09 03:00:00,0,91,2,145
456.0,6.669715169909073,1.0,0.0,0.0,0.0,0.0,1.0,940,2023-02-09 04:00:00,0,41,9,39
358.0,5.771852367117481,1.0,0.0,0.0,0.0,0.0,1.0,941,2023-02-09 05:00:00,1,60,2,332
460.0,3.485736672419705,1.0,0.0,0.0,1.0,0.0,0.0,942,2023-02-09 06:00:00,0,21,3,282
408.0,1.5928744524280514,0.0,0.0,1.0,0.0,0.0,1.0,943,2023-02-09 07:00:00,0,20,9,132
156.0,6.0495392269054085,0.0,0.0,1.0,0.0,1.0,0.0,944,2023-02-09 08:00:00,0,69,9,307
373.0,3.1811155361811947,0.0,1.0,0.0,0.0,1.0,0.0,945,2023-02-09 09:00:00,0,0,10,58
8.0,8.664386675276454,0.0,1.0,0.0,0.0,1.0,0.0,946,2023-02-09 10:00:00,0,4,10,6
122.0,9.933369373586284,1.0,0.0,0.0,0.0,0.0,1.0,947,2023-02-09 11:00:00,0,11,10,263
348.0,7.524277626155725,1.0,0.0,0.0,0.0,1.0,0.0,948,2023-02-09 12:00:00,0,89,1,80
164.0,0.9048169528705076,1.0,0.0,0.0,0.0,0.0,1.0,949,2023-02-09 13:00:00,0,45,4,49
90.0,2.8868559553063813,0.0,1.0,0.0,0.0,1.0,0.0,950,2023-02-09 14:00:00,0,33,3,45
136.0,1.0910963176574973,0.0,1.0,0.0,1.0,0.0,0.0,951,2023-02-09 15:00:00,0,48,8,64
186.0,6.5051164779171575,0.0,0.0,1.0,0.0,0.0,1.0,952,2023-02-09 16:00:00,0,77,4,266
316.0,7.651908645557847,1.0,0.0,0.0,0.0,0.0,1.0,953,2023-02-09 17:00:00,0,89,8,219
178.0,9.25674830880712,1.0,0.0,0.0,0.0,1.0,0.0,954,2023-02-09 18:00:00,0,44,9,130
28.0,4.381723464119877,1.0,0.0,0.0,0.0,0.0,1.0,955,2023-02-09 19:00:00,0,26,4,84
220.0,9.013756495884444,1.0,0.0,0.0,0.0,0.0,1.0,956,2023-02-09 20:00:00,1,72,4,124
357.0,8.778911590413275,0.0,1.0,0.0,1.0,0.0,0.0,957,2023-02-09 21:00:00,0,25,8,357
41.0,3.1719571676539857,0.0,1.0,0.0,1.0,0.0,0.0,958,2023-02-09 22:00:00,0,46,6,255
228.0,8.68900625540571,1.0,0.0,0.0,0.0,1.0,0.0,959,2023-02-09 23:00:00,0,85,5,190
192.0,3.7567225188172646,0.0,1.0,0.0,1.0,0.0,0.0,960,2023-02-10 00:00:00,0,55,7,206
249.3690851735016,2.968692745602808,1.0,0.0,0.0,0.0,1.0,0.0,961,2023-02-10 01:00:00,0,93,3,122
447.0,6.490746587943931,1.0,0.0,0.0,0.0,1.0,0.0,962,2023-02-10 02:00:00,0,62,9,17
145.0,3.2838122788508106,0.0,0.0,1.0,0.0,1.0,0.0,963,2023-02-10 03:00:00,0,47,8,243
201.0,6.302087483291442,1.0,0.0,0.0,0.0,0.0,1.0,964,2023-02-10 04:00:00,0,60,3,291
417.0,6.098318054986946,0.0,0.0,1.0,1.0,0.0,0.0,965,2023-02-10 05:00:00,0,80,6,210
212.0,5.634389273484588,0.0,0.0,1.0,0.0,1.0,0.0,966,2023-02-10 06:00:00,0,25,6,333
461.0,3.804197042327977,0.0,0.0,1.0,1.0,0.0,0.0,967,2023-02-10 07:00:00,0,35,10,330
220.0,5.484997216514768,0.0,1.0,0.0,0.0,1.0,0.0,968,2023-02-10 08:00:00,0,0,2,196
240.0,5.964854749854216,0.0,1.0,0.0,1.0,0.0,0.0,969,2023-02-10 09:00:00,0,7,7,268
413.0,5.456868884954734,0.0,0.0,1.0,1.0,0.0,0.0,970,2023-02-10 10:00:00,1,98,7,320
397.0,4.444194527512016,1.0,0.0,0.0,0.0,1.0,0.0,971,2023-02-10 11:00:00,0,51,10,342
46.0,0.1466705704626381,0.0,0.0,1.0,0.0,0.0,1.0,972,2023-02-10 12:00:00,0,78,7,254
35.0,5.870617077011509,1.0,0.0,0.0,1.0,0.0,0.0,973,2023-02-10 13:00:00,0,46,8,292
253.0,1.6844438514271964,0.0,0.0,1.0,0.0,0.0,1.0,974,2023-02-10 14:00:00,0,55,4,150
249.3690851735016,6.425759689471896,1.0,0.0,0.0,0.0,0.0,1.0,975,2023-02-10 15:00:00,0,85,9,259
82.0,7.59344327922866,0.0,1.0,0.0,0.0,1.0,0.0,976,2023-02-10 16:00:00,1,13,2,222
371.0,5.004453091307415,1.0,0.0,0.0,0.0,1.0,0.0,977,2023-02-10 17:00:00,0,89,5,284
256.0,5.423636649797383,0.0,1.0,0.0,0.0,1.0,0.0,978,2023-02-10 18:00:00,0,27,2,142
197.0,9.514785596659912,0.0,1.0,0.0,1.0,0.0,0.0,979,2023-02-10 19:00:00,0,86,10,1
303.0,8.471673613725741,1.0,0.0,0.0,0.0,1.0,0.0,980,2023-02-10 20:00:00,0,77,7,362
409.0,9.1423651595147,1.0,0.0,0.0,0.0,1.0,0.0,981,2023-02-10 21:00:00,0,87,8,89
450.0,8.137662883195864,1.0,0.0,0.0,1.0,0.0,0.0,982,2023-02-10 22:00:00,0,1,7,74
10.0,1.0891834184673144,1.0,0.0,0.0,1.0,0.0,0.0,983,2023-02-10 23:00:00,0,25,7,28
312.0,1.489918559701947,1.0,0.0,0.0,0.0,1.0,0.0,984,2023-02-11 00:00:00,0,13,7,264
286.0,5.266237972689596,0.0,1.0,0.0,0.0,1.0,0.0,985,2023-02-11 01:00:00,0,58,1,154
242.0,2.4606965879799825,0.0,1.0,0.0,0.0,1.0,0.0,986,2023-02-11 02:00:00,0,55,10,243
251.0,4.766954750411592,0.0,1.0,0.0,0.0,1.0,0.0,987,2023-02-11 03:00:00,1,6,9,325
365.0,3.943653238183502,0.0,1.0,0.0,0.0,0.0,1.0,988,2023-02-11 04:00:00,0,2,8,52
5.0,5.494142384304533,0.0,0.0,1.0,0.0,0.0,1.0,989,2023-02-11 05:00:00,0,22,5,159
119.0,7.468757161358227,0.0,1.0,0.0,0.0,1.0,0.0,990,2023-02-11 06:00:00,0,17,5,163
289.0,7.154909070992744,1.0,0.0,0.0,0.0,0.0,1.0,991,2023-02-11 07:00:00,0,37,1,0
374.0,5.212341324853344,1.0,0.0,0.0,1.0,0.0,0.0,992,2023-02-11 08:00:00,1,98,6,83
65.0,8.223934188170581,0.0,1.0,0.0,0.0,0.0,1.0,993,2023-02-11 09:00:00,0,14,1,286
249.3690851735016,4.308620915380334,1.0,0.0,0.0,0.0,0.0,1.0,994,2023-02-11 10:00:00,0,63,4,237
224.0,8.967142898401224,0.0,1.0,0.0,0.0,1.0,0.0,995,2023-02-11 11:00:00,0,88,10,300
239.0,0.7128027005516391,1.0,0.0,0.0,0.0,0.0,1.0,996,2023-02-11 12:00:00,0,100,5,238
177.0,9.546600300333075,0.0,0.0,1.0,0.0,0.0,1.0,997,2023-02-11 13:00:00,0,27,5,202
267.0,6.546930814313482,0.0,0.0,1.0,0.0,0.0,1.0,998,2023-02-11 14:00:00,0,73,3,180
341.0,3.800745089372053,0.0,1.0,0.0,0.0,0.0,1.0,999,2023-02-11 15:00:00,0,38,5,15
